Workbook

Sheet DASE DADOS - DISTANCIA
A1: CLIFFOR | B1: PRODUTOR | C1: AVIÁRIO | D1: PRODUTOR TESTE | E1: MUNICÍPIO | F1: KM | G1: DISTÂNCIA | H1: COORDENADAS | I1: EMPRESA | J1: KM PARA PAGAMENTO DOS FRETES
A2: 111058 | B2: ABEL ANGELO DA COSTA CONCEICAO | C2: A1 | D2: ABEL ANGELO DA COSTA CONCEICAO A1 | E2: CASCAVEL | F2: 54 | G2: 27 | H2: -25.074721958480097, -53.40203649347913 | I2: PLUMA | J2: 54
A3: 29890 | B3: IVANIR GIRELLI | C3: A1 | D3: IVANIR GIRELLI A1 | E3: SANTO ANTÔNIO DO SUDOESTE | F3: 331 | G3: 178 | H3: -26.055538226278127, -53.6066631357838 | I3: PLUSVAL | J3: 331
A4: 5365040 | B4: ADAIR JOSE DELAMURA | C4: A1 | D4: ADAIR JOSE DELAMURA A1 | E4: TUPASSI | F4: 106 | G4: 60 | H4: -24.621722060057024, -53.471299863665145 | I4: PLUMA | J4: 106
A5: 29890 | B5: IVANIR GIRELLI | C5: A2 | D5: IVANIR GIRELLI A2 | E5: SANTO ANTÔNIO DO SUDOESTE | F5: 331 | G5: 178 | H5: -26.055174366832272, -53.60674597310789 | I5: PLUSVAL | J5: 331
A6: 30448 | B6: ADAO RICARDO DOS SANTOS | C6: A1 | D6: ADAO RICARDO DOS SANTOS A1 | E6: TRÊS BARRAS DO PARANÁ | F6: 226 | G6: 120 | H6: -25.533910195126577, -53.253383608219075 | I6: PLUSVAL | J6: 226
A7: 29909 | B7: MOACIR JOSE MORASKI | C7: A3 | D7: MOACIR JOSE MORASKI A3 | E7: PRANCHITA | F7: 276 | G7: 159 | H7: -25.92823759413807, -53.69998684562199 | I7: PLUSVAL | J7: 276
A8: 30064 | B8: ADELAR GEBAUER | C8: A2 | D8: ADELAR GEBAUER A2 | E8: CAPANEMA | F8: 260 | G8: 131 | H8: -25.593268645824793, -53.94207083135666 | I8: PLUSVAL | J8: 260
A9: 30668 | B9: IARA MARIA SIGNOR LAZAROTO | C9: A1 | D9: IARA MARIA SIGNOR LAZAROTO A1 | E9: SANTO ANTÔNIO DO SUDOESTE | F9: 336 | G9: 179 | H9: -26.039811028436684, -53.574678615911814 | I9: PLUSVAL | J9: 336
A10: 30064 | B10: ADELAR GEBAUER | C10: A1 | D10: ADELAR GEBAUER A1 | E10: CAPANEMA | F10: 260 | G10: 131 | H10: -25.59318530178808, -53.941644050123806 | I10: PLUSVAL | J10: 260
A11: 30668 | B11: IARA MARIA SIGNOR LAZAROTO | C11: A2 | D11: IARA MARIA SIGNOR LAZAROTO A2 | E11: SANTO ANTÔNIO DO SUDOESTE | F11: 336 | G11: 179 | H11: -26.039668902296437, -53.57499849568053 | I11: PLUSVAL | J11: 336
A12: 5760739 | B12: ADELAR LUIZ STURMER | C12: A1 | D12: ADELAR LUIZ STURMER A1 | E12: CASCAVEL | F12: 68 | G12: 34 | H12: -25.136017091410526, -53.337952095655254 | I12: PLUMA | J12: 68
A13: 30668 | B13: IARA MARIA SIGNOR LAZAROTO | C13: A3 | D13: IARA MARIA SIGNOR LAZAROTO A3 | E13: SANTO ANTÔNIO DO SUDOESTE | F13: 336 | G13: 179 | H13: -26.039421760964533, -53.574761886273365 | I13: PLUSVAL | J13: 336
... A33: 44305 | B33: ODIVAL PEREIRA | C33: A1 | D33: ODIVAL PEREIRA A1 | E33: SANTO ANTÔNIO DO SUDOESTE | F33: 336 | G33: 184 | H33: -26.070705337223526, -53.57487829842561 | I33: PLUSVAL | J33: 336
B34: ADRIANA DIEDRICHS | C34: A4 | D34: ADRIANA DIEDRICHS A4 | E34: TOLEDO | F34: 155 | G34: 78 | H34: -24.571808297265253, -53.80042513015339 | I34: PLUMA | J34: 155
A35: 29436 | B35: ALEXANDRE DAVI MARAN | C35: A1 | D35: ALEXANDRE DAVI MARAN A1 | E35: SANTO ANTÔNIO DO SUDOESTE | F35: 333 | G35: 183 | H35: -26.06451486476763, -53.60680502528411 | I35: PLUSVAL | J35: 333
B36: ADRIANA DIEDRICHS | C36: A3 | D36: ADRIANA DIEDRICHS A3 | E36: TOLEDO | F36: 155 | G36: 78 | H36: -24.571808297265253, -53.80042513015339 | I36: PLUMA | J36: 155
A37: 29910 | B37: PAULO RODRIGUES DOS SANTOS | C37: A1 | D37: PAULO RODRIGUES DOS SANTOS A1 | E37: PRANCHITA | F37: 323 | G37: 166 | H37: -25.964879803095187, -53.61283319118804 | I37: PLUSVAL | J37: 323
A38: 1123572 | B38: ADRIANO AHMANN | C38: A1 | D38: ADRIANO AHMANN A1 | E38: CAPANEMA | F38: 260 | G38: 130 | H38: -25.594807671063716, -53.92156907664948 | I38: PLUSVAL | J38: 260
A39: 30060 | B39: ELTON HOFF | C39: A1 | D39: ELTON HOFF A1 | E39: SANTO ANTÔNIO DO SUDOESTE | F39: 338 | G39: 184 | H39: -26.06882912019864, -53.564553403097115 | I39: PLUSVAL | J39: 338
A40: 58390 | B40: ADRIANO LAZZAROTO | C40: A1 | D40: ADRIANO LAZZAROTO A1 | E40: SANTO ANTÔNIO DO SUDOESTE | F40: 338 | G40: 166 | H40: -26.10612896666298, -53.69777271419382 | I40: PLUSVAL | J40: 338
A41: 30478 | B41: TANIA MARIA TOFFOLI BALESTRIN | C41: A1 | D41: TANIA MARIA TOFFOLI BALESTRIN A1 | E41: SANTO ANTÔNIO DO SUDOESTE | F41: 325 | G41: 172 | H41: -26.023494493050134, -53.627973778965696 | I41: PLUSVAL | J41: 325
A42: 4390792 | B42: ADRIANO LUCAS BRIXNER | C42: A2 | D42: ADRIANO LUCAS BRIXNER A2 | E42: TUPASSI | F42: 126 | G42: 63 | H42: -24.5610192645159, -53.50315900044176 | I42: PLUMA | J42: 126
A43: 30478 | B43: TANIA MARIA TOFFOLI BALESTRIN | C43: A2 | D43: TANIA MARIA TOFFOLI BALESTRIN A2 | E43: SANTO ANTÔNIO DO SUDOESTE | F43: 325 | G43: 172 | H43: -26.023938327883517, -53.6278658593625 | I43: PLUSVAL | J43: 325
A44: 4390792 | B44: ADRIANO LUCAS BRIXNER | C44: A1 | D44: ADRIANO LUCAS BRIXNER A1 | E44: TUPASSI | F44: 126 | G44: 63 | H44: -24.5610192645159, -53.50315900044176 | I44: PLUMA | J44: 126
A45: 1147641 | B45: CLAUDECIR ROBERTI | C45: A2 | D45: CLAUDECIR ROBERTI A2 | E45: SANTO ANTÔNIO DO SUDOESTE | F45: 321 | G45: 170 | H45: -26.03219041572988, -53.66183201156584 | I45: PLUSVAL | J45: 321
A46: 30047 | B46: ADRIANO ROBERTO FUHR DREY | C46: A1 | D46: ADRIANO ROBERTO FUHR DREY A1 | E46: PLANALTO | F46: 260 | G46: 130 | H46: -25.71447627307871, -53.7390284849861 | I46: PLUSVAL | J46: 260
A47: 1147641 | B47: CLAUDECIR ROBERTI | C47: A3 | D47: CLAUDECIR ROBERTI A3 | E47: SANTO ANTÔNIO DO SUDOESTE | F47: 321 | G47: 170 | H47: -26.031443923633542, -53.662295067079015 | I47: PLUSVAL | J47: 321
A48: 29421 | B48: ADRIANO CESAR BILIBIO | C48: A1 | D48: ADRIANO CESAR BILIBIO A1 | E48: CAPITÃO LEÔNIDAS MARQUES | F48: 138 | G48: 72 | H48: -25.49322778288772, -53.59177741995077 | I48: PLUSVAL | J48: 138
... A59: 29905 | B59: MARCO AURELIO TEOLOGIDES MARCON | C59: A1 | D59: MARCO AURELIO TEOLOGIDES MARCON A1 | E59: PRANCHITA | F59: 312 | G59: 156 | H59: -25.964207998728106, -53.68696912224942 | I59: PLUSVAL | J59: 312
B60: ALBANY JESSE SCHAIDT | C60: A1 | D60: ALBANY JESSE SCHAIDT A1 | E60: LINDOESTE | F60: 72 | G60: 36 | H60: -25.191553411002136, -53.574568685964294 | I60: PLUMA | J60: 72
A61: 29905 | B61: MARCO AURELIO TEOLOGIDES MARCON | C61: A2 | D61: MARCO AURELIO TEOLOGIDES MARCON A2 | E61: PRANCHITA | F61: 312 | G61: 156 | H61: -25.964302150062316, -53.68736623909972 | I61: PLUSVAL | J61: 312
B62: ALBANY JESSE SCHAIDT | C62: A2 | D62: ALBANY JESSE SCHAIDT A2 | E62: LINDOESTE | F62: 72 | G62: 36 | H62: -25.191553411002136, -53.574568685964294 | I62: PLUMA | J62: 72
A63: 29905 | B63: MARCO AURELIO TEOLOGIDES MARCON | C63: A3 | D63: MARCO AURELIO TEOLOGIDES MARCON A3 | E63: PRANCHITA | F63: 312 | G63: 156 | H63: -25.964432630102436, -53.68760052309158 | I63: PLUSVAL | J63: 312
A64: 5335906 | B64: ALCIDES BRAGAGNOLLO | C64: A1 | D64: ALCIDES BRAGAGNOLLO A1 | E64: TOLEDO | F64: 151 | G64: 76 | H64: -24.574109727129024, -53.80988713797703 | I64: PLUMA | J64: 151
A65: 29905 | B65: MARCO AURELIO TEOLOGIDES MARCON | C65: A4 | D65: MARCO AURELIO TEOLOGIDES MARCON A4 | E65: PRANCHITA | F65: 312 | G65: 156 | H65: -25.964432630102436, -53.68760052309158 | I65: PLUSVAL | J65: 312
A66: 29953 | B66: EDER THEODORO | C66: A2 | D66: EDER THEODORO A2 | E66: PLANALTO | F66: 237 | G66: 133 | H66: -25.69219055737269, -53.73129892089923 | I66: PLUSVAL | J66: 237
A67: 5393000 | B67: ALTAMIR GOMES | C67: A2 | D67: ALTAMIR GOMES A2 | E67: CASCAVEL | F67: 39 | G67: 20 | H67: -24.91526095888856, -53.361577464670766 | I67: PLUMA | J67: 39
A68: 30621 | B68: CLEIDSON ALBERTO PILATTI | C68: A2 | D68: CLEIDSON ALBERTO PILATTI A2 | E68: PÉROLA DO OESTE | F68: 282 | G68: 143 | H68: -25.92536638415823, -53.748992089128315 | I68: PLUSVAL | J68: 282
A69: 5393000 | B69: ALTAMIR GOMES | C69: A1 | D69: ALTAMIR GOMES A1 | E69: CASCAVEL | F69: 39 | G69: 20 | H69: -24.91526095888856, -53.361577464670766 | I69: PLUMA | J69: 39
A70: 30621 | B70: CLEIDSON ALBERTO PILATTI | C70: A3 | D70: CLEIDSON ALBERTO PILATTI A3 | E70: PÉROLA DO OESTE | F70: 282 | G70: 143 | H70: -25.92565315617464, -53.74886564398854 | I70: PLUSVAL | J70: 282
A71: 30071 | B71: ALVARO LAURI ROLL | C71: A2 | D71: ALVARO LAURI ROLL A2 | E71: BELA VISTA DA CAROBA | F71: 269 | G71: 134 | H71: -25.886617975585715, -53.7002889110158 | I71: PLUSVAL | J71: 269
A72: 30621 | B72: CLEIDSON ALBERTO PILATTI | C72: A4 | D72: CLEIDSON ALBERTO PILATTI A4 | E72: PRANCHITA | F72: 282 | G72: 143 | H72: -25.926059429356382, -53.74902132235175 | I72: PLUSVAL | J72: 282
A73: 30071 | B73: ALVARO LAURI ROLL | C73: A1 | D73: ALVARO LAURI ROLL A1 | E73: BELA VISTA DA CAROBA | F73: 269 | G73: 134 | H73: -25.88734914915246, -53.70001444418616 | I73: PLUSVAL | J73: 269
A74: 30621 | B74: CLEIDSON ALBERTO PILATTI | C74: A5 | D74: CLEIDSON ALBERTO PILATTI A5 | E74: PRANCHITA | F74: 282 | G74: 143 | H74: -25.92633238547959, -53.74885473587697 | I74: PLUSVAL | J74: 282
... A115: 51882 | B115: OSNI MOCELIN | C115: A1 | D115: OSNI MOCELIN A1 | E115: TRÊS BARRAS DO PARANÁ | F115: 222 | G115: 121 | H115: -25.54470356559033, -53.22555458639651 | I115: PLUSVAL | J115: 222
B116: ANDERSON DIEDRICHS | C116: A2 | D116: ANDERSON DIEDRICHS A2 | E116: TOLEDO | F116: 155 | G116: 78 | H116: -24.571808297265253, -53.80042513015339 | I116: PLUMA | J116: 155
A117: 30044 | B117: ANTONIO CANDIDO | C117: A1 | D117: ANTONIO CANDIDO A1 | E117: PÉROLA DO OESTE | F117: 253 | G117: 129 | H117: -25.807064210493504, -53.730001971234806 | I117: PLUSVAL | J117: 253
B118: ANDERSON DIEDRICHS | C118: A1 | D118: ANDERSON DIEDRICHS A1 | E118: TOLEDO | F118: 155 | G118: 78 | H118: -24.571808297265253, -53.80042513015339 | I118: PLUMA | J118: 155
B119: EDUARDO DE SOUZA RIBEIRO | C119: A1 | D119: EDUARDO DE SOUZA RIBEIRO A1 | E119: TUPASSI | F119: 108 | G119: 58 | H119: -24.594305871540463, -53.48649502803056 | I119: PLUMA | J119: 108
A120: 30451 | B120: ANDRE CHARLES EBERT | C120: A1 | D120: ANDRE CHARLES EBERT A1 | E120: CAPANEMA | F120: 259 | G120: 132 | H120: -25.58523056979519, -53.92325970183971 | I120: PLUSVAL | J120: 259
B121: EDUARDO DE SOUZA RIBEIRO | C121: A2 | D121: EDUARDO DE SOUZA RIBEIRO A2 | E121: TUPASSI | F121: 108 | G121: 58 | H121: -24.594305871540463, -53.48649502803056 | I121: PLUMA | J121: 108
A122: 30045 | B122: ANDRE LUIZ AHMANN | C122: A1 | D122: ANDRE LUIZ AHMANN A1 | E122: CAPANEMA | F122: 256 | G122: 130 | H122: -25.594807671063716, -53.92156907664948 | I122: PLUSVAL | J122: 256
B123: EDUARDO DE SOUZA RIBEIRO | C123: A3 | D123: EDUARDO DE SOUZA RIBEIRO A3 | E123: TUPASSI | F123: 108 | G123: 58 | H123: -24.594305871540463, -53.48649502803056 | I123: PLUMA | J123: 108
A124: 5979315 | B124: ANDRESSA MAIARA ZUANAZZI | C124: A1 | D124: ANDRESSA MAIARA ZUANAZZI A1 | E124: NOVA SANTA ROSA | F124: 188 | G124: 108 | H124: -24.487517005365056, -53.95394149889763 | I124: PLUMA | J124: 188
A125: 1159976 | B125: ELENIR IZALETE KEIBER DE OLIVEIRA | C125: A1 | D125: ELENIR IZALETE KEIBER DE OLIVEIRA A1 | E125: CAPANEMA | F125: 207 | G125: 106 | H125: -25.652866012799297, -53.70276037825448 | I125: PLUSVAL | J125: 207
A126: 5979315 | B126: ANDRESSA MAIARA ZUANAZZI | C126: A2 | D126: ANDRESSA MAIARA ZUANAZZI A2 | E126: NOVA SANTA ROSA | F126: 188 | G126: 108 | H126: -24.487517005365056, -53.95394149889763 | I126: PLUMA | J126: 188
A127: 30342 | B127: EVE CARLA DAL BO | C127: A6 | D127: EVE CARLA DAL BO A6 | E127: PRANCHITA | F127: 310 | G127: 160 | H127: -26.007792457062042, -53.75468638742391 | I127: PLUSVAL | J127: 310
A128: 5979315 | B128: ANDRESSA MAIARA ZUANAZZI | C128: A3 | D128: ANDRESSA MAIARA ZUANAZZI A3 | E128: NOVA SANTA ROSA | F128: 188 | G128: 108 | H128: -24.487517005365056, -53.95394149889763 | I128: PLUMA | J128: 188
A129: 30342 | B129: EVE CARLA DAL BO | C129: A4 | D129: EVE CARLA DAL BO A4 | E129: PRANCHITA | F129: 310 | G129: 160 | H129: -26.008041596780053, -53.7528671644217 | I129: PLUSVAL | J129: 310
A130: 30072 | B130: ANDROW KELVIN GEBAUER | C130: A2 | D130: ANDROW KELVIN GEBAUER A2 | E130: CAPANEMA | F130: 260 | G130: 132 | H130: -25.59323547465107, -53.941571572164136 | I130: PLUSVAL | J130: 260
A131: 30342 | B131: EVE CARLA DAL BO | C131: A3 | D131: EVE CARLA DAL BO A3 | E131: PRANCHITA | F131: 310 | G131: 160 | H131: -26.008435622710966, -53.75277192531681 | I131: PLUSVAL | J131: 310
A132: 30072 | B132: ANDROW KELVIN GEBAUER | C132: A1 | D132: ANDROW KELVIN GEBAUER A1 | E132: CAPANEMA | F132: 260 | G132: 132 | H132: -25.593299497427857, -53.94135945969881 | I132: PLUSVAL | J132: 260
A133: 30342 | B133: EVE CARLA DAL BO | C133: A2 | D133: EVE CARLA DAL BO A2 | E133: PRANCHITA | F133: 310 | G133: 160 | H133: -26.008656018031783, -53.75268736193759 | I133: PLUSVAL | J133: 310
A134: 30342 | B134: EVE CARLA DAL BO | C134: A1 | D134: EVE CARLA DAL BO A1 | E134: PRANCHITA | F134: 310 | G134: 160 | H134: -26.00887881752897, -53.752595054827495 | I134: PLUSVAL | J134: 310
A135: 5675936 | B135: ANTONIO FERNANDES DE OLIVEIRA | C135: A1 | D135: ANTONIO FERNANDES DE OLIVEIRA A1 | E135: TOLEDO | F135: 92 | G135: 46 | H135: -24.782105339991645, -53.69295622841061 | I135: PLUMA | J135: 92
... A159: 5780454 | B159: CRISTIANE RITA ADAMCZUK DOS SANTOS | C159: A2 | D159: CRISTIANE RITA ADAMCZUK DOS SANTOS A2 | E159: OURO VERDE DO OESTE | F159: 142 | G159: 71 | H159: -24.767613471189787, -53.880642793722586 | I159: PLUMA | J159: 142
B160: BENTO LOFFI | C160: A2 | D160: BENTO LOFFI A2 | E160: MERCEDES | F160: 242 | G160: 121 | H160: -24.430082548119863, -54.22977278753708 | I160: PLUMA | J160: 242
A161: 40657 | B161: CLARICE ROMAN | C161: A1 | D161: CLARICE ROMAN A1 | E161: CAPANEMA | F161: 234 | G161: 119 | H161: -25.651996744033593, -53.82169291032934 | I161: PLUSVAL | J161: 234
B162: BENTO LOFFI | C162: A1 | D162: BENTO LOFFI A1 | E162: MERCEDES | F162: 242 | G162: 121 | H162: -24.430082548119863, -54.22977278753708 | I162: PLUMA | J162: 242
A163: 40657 | B163: CLARICE ROMAN | C163: A2 | D163: CLARICE ROMAN A2 | E163: CAPANEMA | F163: 234 | G163: 119 | H163: -25.65190966192737, -53.82227420172436 | I163: PLUSVAL | J163: 234
B164: BENTO LOFFI | C164: A3 | D164: BENTO LOFFI A3 | E164: MERCEDES | F164: 242 | G164: 121 | H164: -24.430082548119863, -54.22977278753708 | I164: PLUMA | J164: 242
A165: 40657 | B165: CLARICE ROMAN | C165: A3 | D165: CLARICE ROMAN A3 | E165: CAPANEMA | F165: 234 | G165: 119 | H165: -25.65158915833561, -53.82237125333507 | I165: PLUSVAL | J165: 234
A166: 44662 | B166: CLAIRTON DAL PIVA | C166: A1 | D166: CLAIRTON DAL PIVA A1 | E166: CAPANEMA | F166: 245 | G166: 123 | H166: -25.684110498191224, -53.83815471404949 | I166: PLUSVAL | J166: 245
A167: 29949 | B167: CLEI JANIR ROSO | C167: A1 | D167: CLEI JANIR ROSO A1 | E167: CAPANEMA | F167: 242 | G167: 123 | H167: -25.650197937832246, -53.85738158780679 | I167: PLUSVAL | J167: 242
A168: 44662 | B168: CLAIRTON DAL PIVA | C168: A2 | D168: CLAIRTON DAL PIVA A2 | E168: CAPANEMA | F168: 245 | G168: 124 | H168: -25.684047549326277, -53.837521937590864 | I168: PLUSVAL | J168: 245
A169: 29951 | B169: DIRCEU HILARIO HANEL | C169: A1 | D169: DIRCEU HILARIO HANEL A1 | E169: TRÊS BARRAS DO PARANÁ | F169: 206 | G169: 116 | H169: -25.473067104876538, -53.252133318022125 | I169: PLUSVAL | J169: 206
A170: 5345790 | B170: CLAITON FELIPE SEIBERT | C170: A1 | D170: CLAITON FELIPE SEIBERT A1 | E170: TOLEDO | F170: 138 | G170: 69 | H170: -24.60983899148955, -53.764909880555095 | I170: PLUMA | J170: 138
A171: 29952 | B171: EDENILSO ROSO | C171: A1 | D171: EDENILSO ROSO A1 | E171: CAPANEMA | F171: 242 | G171: 123 | H171: -25.65053834584691, -53.857108551779355 | I171: PLUSVAL | J171: 242
A172: 30075 | B172: CLARI FONTANELLA RAMOS | C172: A2 | D172: CLARI FONTANELLA RAMOS A2 | E172: SANTO ANTÔNIO DO SUDOESTE | F172: 315 | G172: 159 | H172: -26.044680417625138, -53.723389793462346 | I172: PLUSVAL | J172: 315
A173: 709611 | B173: EDUARDO MARTINELO DA ROSA | C173: A1 | D173: EDUARDO MARTINELO DA ROSA A1 | E173: CAPANEMA | F173: 250 | G173: 127 | H173: -25.604393533364387, -53.88970205892441 | I173: PLUSVAL | J173: 250
A174: 30075 | B174: CLARI FONTANELLA RAMOS | C174: A1 | D174: CLARI FONTANELLA RAMOS A1 | E174: SANTO ANTÔNIO DO SUDOESTE | F174: 315 | G174: 159 | H174: -26.04425202127099, -53.72359294832682 | I174: PLUSVAL | J174: 315
A175: 710466 | B175: EGUEMAR DA ROSA | C175: A1 | D175: EGUEMAR DA ROSA A1 | E175: CAPANEMA | F175: 250 | G175: 127 | H175: -25.604393533364387, -53.88970205892441 | I175: PLUSVAL | J175: 250
A176: 30041 | B176: ENERCI FIORENTINO MAZURANA | C176: A1 | D176: ENERCI FIORENTINO MAZURANA A1 | E176: TRÊS BARRAS DO PARANÁ | F176: 204 | G176: 102 | H176: -25.475583824391297, -53.18856834983464 | I176: PLUSVAL | J176: 204
... A178: 29424 | B178: ITAMAR MONDINI | C178: A2 | D178: ITAMAR MONDINI A2 | E178: CAPANEMA | F178: 212 | G178: 109 | H178: -25.635734899179912, -53.72772385986069 | I178: PLUSVAL | J178: 212
B179: CLADIR LEVANDOSKI | C179: A1 | D179: CLADIR LEVANDOSKI A1 | E179: BELA VISTA DA CAROBA | F179: 261 | G179: 132 | H179: -25.894523872288186, -53.672557840317154 | I179: PLUSVAL | J179: 261
A180: 29424 | B180: ITAMAR MONDINI | C180: A1 | D180: ITAMAR MONDINI A1 | E180: CAPANEMA | F180: 212 | G180: 109 | H180: -25.63586664495126, -53.72798940485342 | I180: PLUSVAL | J180: 212
A181: 772615 | B181: JOAO VITOR FAVA | C181: A1 | D181: JOAO VITOR FAVA A1 | E181: REALEZA | F181: 192 | G181: 99 | H181: -25.714850678898394, -53.54028065212261 | I181: PLUSVAL | J181: 192
A182: 709620 | B182: JORGE ITAMAR DA ROSA | C182: A1 | D182: JORGE ITAMAR DA ROSA A1 | E182: CAPANEMA | F182: 250 | G182: 127 | H182: -25.604393533364387, -53.88970205892441 | I182: PLUSVAL | J182: 250
A183: 43124 | B183: JOSE CARLOS BALZAN | C183: A2 | D183: JOSE CARLOS BALZAN A2 | E183: CAPANEMA | F183: 244 | G183: 129 | H183: -25.573613305113437, -53.841272732842455 | I183: PLUSVAL | J183: 244
A184: 43124 | B184: JOSE CARLOS BALZAN | C184: A1 | D184: JOSE CARLOS BALZAN A1 | E184: CAPANEMA | F184: 244 | G184: 129 | H184: -25.57305026798479, -53.84118909883602 | I184: PLUSVAL | J184: 244
A185: 5316081 | B185: CLAUDINO ROQUE LORENZATTO | C185: A1 | D185: CLAUDINO ROQUE LORENZATTO A1 | E185: NOVA SANTA ROSA | F185: 183 | G185: 107 | H185: -24.481064928088458, -53.94014005847983 | I185: PLUMA | J185: 183
A186: 43124 | B186: JOSE CARLOS BALZAN | C186: A3 | D186: JOSE CARLOS BALZAN A3 | E186: CAPANEMA | F186: 244 | G186: 129 | H186: -25.573310665973352, -53.84219581605355 | I186: PLUSVAL | J186: 244
A187: 5316081 | B187: CLAUDINO ROQUE LORENZATTO | C187: A2 | D187: CLAUDINO ROQUE LORENZATTO A2 | E187: NOVA SANTA ROSA | F187: 183 | G187: 107 | H187: -24.481064928088458, -53.94014005847983 | I187: PLUMA | J187: 183
A188: 30037 | B188: JUSSARA MINSKI | C188: A1 | D188: JUSSARA MINSKI A1 | E188: CAPANEMA | F188: 228 | G188: 117 | H188: -25.639006491839936, -53.80980121109537 | I188: PLUSVAL | J188: 228
A189: 30051 | B189: CLAUDIO CEZAR HANEL | C189: A1 | D189: CLAUDIO CEZAR HANEL A1 | E189: TRÊS BARRAS DO PARANÁ | F189: 220 | G189: 117 | H189: -25.52556470217281, -53.23544996767949 | I189: PLUSVAL | J189: 220
A190: 30037 | B190: JUSSARA MINSKI | C190: A2 | D190: JUSSARA MINSKI A2 | E190: CAPANEMA | F190: 228 | G190: 117 | H190: -25.638737753122783, -53.809644386325196 | I190: PLUSVAL | J190: 228
A191: 30051 | B191: CLAUDIO CEZAR HANEL | C191: A2 | D191: CLAUDIO CEZAR HANEL A2 | E191: TRÊS BARRAS DO PARANÁ | F191: 220 | G191: 117 | H191: -25.52598432019218, -53.23555393182836 | I191: PLUSVAL | J191: 220
... A197: 5726263 | B197: CLAUDIOMIRO SCHNEIDER | C197: A1 | D197: CLAUDIOMIRO SCHNEIDER A1 | E197: TOLEDO | F197: 134 | G197: 67 | H197: -24.627396072571234, -53.75474687392783 | I197: PLUMA | J197: 134
B198: MARCELO RODRIGO LOTHERMANN | C198: A1 | D198: MARCELO RODRIGO LOTHERMANN A1 | E198: CAPANEMA | F198: 202 | G198: 104 | H198: -25.619939031346085, -53.705798575472635 | I198: PLUSVAL | J198: 202
...

Sheet Tabela 1
A1: Tipo de carga | B1: CCD (R$/km) | C1: CC (R$ fixo)
A2: Granel sólido | B2: 4.578 | C2: 194.44

Sheet CALCULO CTE
A1: CLIFFOR | B1: ENIR | C1: SO | D1: MUNICÍPIO | E1: EMPRESA | F1: KM distancia | G1: KM PARA PAGAMENTO DOS FRETES | H1: R$ Mín | I1: Valor1 | J1: R$/KM | K1: Valor CC | L1: Valor CCD | M1: Valor CTE
A2: ='DASE DADOS - DISTANCIA'!A2 -> 111058 | C2: ='DASE DADOS - DISTANCIA'!C2 -> A1 | D2: ='DASE DADOS - DISTANCIA'!E2 -> CASCAVEL | E2: ='DASE DADOS - DISTANCIA'!I2 -> PLUMA | F2: 27 | G2: ='DASE DADOS - DISTANCIA'!J2 -> 54 | H2: 420 | I2: =IF(#REF!<17200,DISTÂNCIA3[[#This Row],[KM PARA PAGAMENTO DOS FRETES]]*4.74,((#REF!/17200)*4.74)*DISTÂNCIA3[[#This Row],[KM PARA PAGAMENTO DOS FRETES]]) -> #REF! | J2: =DISTÂNCIA3[[#This Row],[Valor CTE]]/DISTÂNCIA3[[#This Row],[KM PARA PAGAMENTO DOS FRETES]] -> 7.9955556 | K2: =ROUND((F2*4.578)+194.44,2) -> 318.05 | L2: =0.92*DISTÂNCIA3[[#This Row],[KM distancia]]*4.578 -> 113.71752 | M2: =ROUND(((F2*4.578)+194.44)+(0.92*F2*4.578),2) -> 431.76
A3: ='DASE DADOS - DISTANCIA'!A3 -> 29890 | B3: ='DASE DADOS - DISTANCIA'!B3 -> IVANIR GIRELLI | C3: ='DASE DADOS - DISTANCIA'!C3 -> A1 | D3: ='DASE DADOS - DISTANCIA'!E3 -> SANTO ANTÔNIO DO SUDOESTE | E3: ='DASE DADOS - DISTANCIA'!I3 -> PLUSVAL | F3: 166 | G3: ='DASE DADOS - DISTANCIA'!J3 -> 331 | H3: 420 | I3: =IF(#REF!<17200,DISTÂNCIA3[[#This Row],[KM PARA PAGAMENTO DOS FRETES]]*4.74,((#REF!/17200)*4.74)*DISTÂNCIA3[[#This Row],[KM PARA PAGAMENTO DOS FRETES]]) -> #REF! | J3: =DISTÂNCIA3[[#This Row],[Valor CTE]]/DISTÂNCIA3[[#This Row],[KM PARA PAGAMENTO DOS FRETES]] -> 4.9955891 | K3: =ROUND((F3*4.578)+194.44,2) -> 954.39 | L3: =0.92*DISTÂNCIA3[[#This Row],[KM distancia]]*4.578 -> 699.15216 | M3: =ROUND(((F3*4.578)+194.44)+(0.92*F3*4.578),2) -> 1653.54
A4: ='DASE DADOS - DISTANCIA'!A4 -> 5365040 | B4: ='DASE DADOS - DISTANCIA'!B4 -> ADAIR JOSE DELAMURA | C4: ='DASE DADOS - DISTANCIA'!C4 -> A1 | D4: ='DASE DADOS - DISTANCIA'!E4 -> TUPASSI | E4: ='DASE DADOS - DISTANCIA'!I4 -> PLUMA | F4: 53 | G4: ='DASE DADOS - DISTANCIA'!J4 -> 106 | H4: 420 | I4: =IF(#REF!<17200,DISTÂNCIA3[[#This Row],[KM PARA PAGAMENTO DOS FRETES]]*4.74,((#REF!/17200)*4.74)*DISTÂNCIA3[[#This Row],[KM PARA PAGAMENTO DOS FRETES]]) -> #REF! | J4: =DISTÂNCIA3[[#This Row],[Valor CTE]]/DISTÂNCIA3[[#This Row],[KM PARA PAGAMENTO DOS FRETES]] -> 6.2292453 | K4: =ROUND((F4*4.578)+194.44,2) -> 437.07 | L4: =0.92*DISTÂNCIA3[[#This Row],[KM distancia]]*4.578 -> 223.22328 | M4: =ROUND(((F4*4.578)+194.44)+(0.92*F4*4.578),2) -> 660.3
A5: ='DASE DADOS - DISTANCIA'!A5 -> 29890 | B5: ='DASE DADOS - DISTANCIA'!B5 -> IVANIR GIRELLI | C5: ='DASE DADOS - DISTANCIA'!C5 -> A2 | D5: ='DASE DADOS - DISTANCIA'!E5 -> SANTO ANTÔNIO DO SUDOESTE | E5: ='DASE DADOS - DISTANCIA'!I5 -> PLUSVAL | F5: 166 | G5: ='DASE DADOS - DISTANCIA'!J5 -> 331 | H5: 420 | I5: =IF(#REF!<17200,DISTÂNCIA3[[#This Row],[KM PARA PAGAMENTO DOS FRETES]]*4.74,((#REF!/17200)*4.74)*DISTÂNCIA3[[#This Row],[KM PARA PAGAMENTO DOS FRETES]]) -> #REF! | J5: =DISTÂNCIA3[[#This Row],[Valor CTE]]/DISTÂNCIA3[[#This Row],[KM PARA PAGAMENTO DOS FRETES]] -> 4.9955891 | K5: =ROUND((F5*4.578)+194.44,2) -> 954.39 | L5: =0.92*DISTÂNCIA3[[#This Row],[KM distancia]]*4.578 -> 699.15216 | M5: =ROUND(((F5*4.578)+194.44)+(0.92*F5*4.578),2) -> 1653.54
A6: ='DASE DADOS - DISTANCIA'!A6 -> 30448 | B6: ='DASE DADOS - DISTANCIA'!B6 -> ADAO RICARDO DOS SANTOS | C6: ='DASE DADOS - DISTANCIA'!C6 -> A1 | D6: ='DASE DADOS - DISTANCIA'!E6 -> TRÊS BARRAS DO PARANÁ | E6: ='DASE DADOS - DISTANCIA'!I6 -> PLUSVAL | F6: 113 | G6: ='DASE DADOS - DISTANCIA'!J6 -> 226 | H6: 420 | I6: =IF(#REF!<17200,DISTÂNCIA3[[#This Row],[KM PARA PAGAMENTO DOS FRETES]]*4.74,((#REF!/17200)*4.74)*DISTÂNCIA3[[#This Row],[KM PARA PAGAMENTO DOS FRETES]]) -> #REF! | J6: =DISTÂNCIA3[[#This Row],[Valor CTE]]/DISTÂNCIA3[[#This Row],[KM PARA PAGAMENTO DOS FRETES]] -> 5.2552212 | K6: =ROUND((F6*4.578)+194.44,2) -> 711.75 | L6: =0.92*DISTÂNCIA3[[#This Row],[KM distancia]]*4.578 -> 475.92888 | M6: =ROUND(((F6*4.578)+194.44)+(0.92*F6*4.578),2) -> 1187.68
A7: ='DASE DADOS - DISTANCIA'!A7 -> 29909 | B7: ='DASE DADOS - DISTANCIA'!B7 -> MOACIR JOSE MORASKI | C7: ='DASE DADOS - DISTANCIA'!C7 -> A3 | D7: ='DASE DADOS - DISTANCIA'!E7 -> PRANCHITA | E7: ='DASE DADOS - DISTANCIA'!I7 -> PLUSVAL | F7: 138 | G7: ='DASE DADOS - DISTANCIA'!J7 -> 276 | H7: 420 | I7: =IF(#REF!<17200,DISTÂNCIA3[[#This Row],[KM PARA PAGAMENTO DOS FRETES]]*4.74,((#REF!/17200)*4.74)*DISTÂNCIA3[[#This Row],[KM PARA PAGAMENTO DOS FRETES]]) -> #REF! | J7: =DISTÂNCIA3[[#This Row],[Valor CTE]]/DISTÂNCIA3[[#This Row],[KM PARA PAGAMENTO DOS FRETES]] -> 5.0993841 | K7: =ROUND((F7*4.578)+194.44,2) -> 826.2 | L7: =0.92*DISTÂNCIA3[[#This Row],[KM distancia]]*4.578 -> 581.22288 | M7: =ROUND(((F7*4.578)+194.44)+(0.92*F7*4.578),2) -> 1407.43
A8: ='DASE DADOS - DISTANCIA'!A8 -> 30064 | B8: ='DASE DADOS - DISTANCIA'!B8 -> ADELAR GEBAUER | C8: ='DASE DADOS - DISTANCIA'!C8 -> A2 | D8: ='DASE DADOS - DISTANCIA'!E8 -> CAPANEMA | E8: ='DASE DADOS - DISTANCIA'!I8 -> PLUSVAL | F8: 130 | G8: ='DASE DADOS - DISTANCIA'!J8 -> 260 | H8: 420 | I8: =IF(#REF!<17200,DISTÂNCIA3[[#This Row],[KM PARA PAGAMENTO DOS FRETES]]*4.74,((#REF!/17200)*4.74)*DISTÂNCIA3[[#This Row],[KM PARA PAGAMENTO DOS FRETES]]) -> #REF! | J8: =DISTÂNCIA3[[#This Row],[Valor CTE]]/DISTÂNCIA3[[#This Row],[KM PARA PAGAMENTO DOS FRETES]] -> 5.1427308 | K8: =ROUND((F8*4.578)+194.44,2) -> 789.58 | L8: =0.92*DISTÂNCIA3[[#This Row],[KM distancia]]*4.578 -> 547.5288 | M8: =ROUND(((F8*4.578)+194.44)+(0.92*F8*4.578),2) -> 1337.11
A9: ='DASE DADOS - DISTANCIA'!A9 -> 30668 | B9: ='DASE DADOS - DISTANCIA'!B9 -> IARA MARIA SIGNOR LAZAROTO | C9: ='DASE DADOS - DISTANCIA'!C9 -> A1 | D9: ='DASE DADOS - DISTANCIA'!E9 -> SANTO ANTÔNIO DO SUDOESTE | E9: ='DASE DADOS - DISTANCIA'!I9 -> PLUSVAL | F9: 168 | G9: ='DASE DADOS - DISTANCIA'!J9 -> 336 | H9: 420 | I9: =IF(#REF!<17200,DISTÂNCIA3[[#This Row],[KM PARA PAGAMENTO DOS FRETES]]*4.74,((#REF!/17200)*4.74)*DISTÂNCIA3[[#This Row],[KM PARA PAGAMENTO DOS FRETES]]) -> #REF! | J9: =DISTÂNCIA3[[#This Row],[Valor CTE]]/DISTÂNCIA3[[#This Row],[KM PARA PAGAMENTO DOS FRETES]] -> 4.9735714 | K9: =ROUND((F9*4.578)+194.44,2) -> 963.54 | L9: =0.92*DISTÂNCIA3[[#This Row],[KM distancia]]*4.578 -> 707.57568 | M9: =ROUND(((F9*4.578)+194.44)+(0.92*F9*4.578),2) -> 1671.12
A10: ='DASE DADOS - DISTANCIA'!A10 -> 30064 | B10: ='DASE DADOS - DISTANCIA'!B10 -> ADELAR GEBAUER | C10: ='DASE DADOS - DISTANCIA'!C10 -> A1 | D10: ='DASE DADOS - DISTANCIA'!E10 -> CAPANEMA | E10: ='DASE DADOS - DISTANCIA'!I10 -> PLUSVAL | F10: 130 | G10: ='DASE DADOS - DISTANCIA'!J10 -> 260 | H10: 420 | I10: =IF(#REF!<17200,DISTÂNCIA3[[#This Row],[KM PARA PAGAMENTO DOS FRETES]]*4.74,((#REF!/17200)*4.74)*DISTÂNCIA3[[#This Row],[KM PARA PAGAMENTO DOS FRETES]]) -> #REF! | J10: =DISTÂNCIA3[[#This Row],[Valor CTE]]/DISTÂNCIA3[[#This Row],[KM PARA PAGAMENTO DOS FRETES]] -> 5.1427308 | K10: =ROUND((F10*4.578)+194.44,2) -> 789.58 | L10: =0.92*DISTÂNCIA3[[#This Row],[KM distancia]]*4.578 -> 547.5288 | M10: =ROUND(((F10*4.578)+194.44)+(0.92*F10*4.578),2) -> 1337.11
A11: ='DASE DADOS - DISTANCIA'!A11 -> 30668 | B11: ='DASE DADOS - DISTANCIA'!B11 -> IARA MARIA SIGNOR LAZAROTO | C11: ='DASE DADOS - DISTANCIA'!C11 -> A2 | D11: ='DASE DADOS - DISTANCIA'!E11 -> SANTO ANTÔNIO DO SUDOESTE | E11: ='DASE DADOS - DISTANCIA'!I11 -> PLUSVAL | F11: 168 | G11: ='DASE DADOS - DISTANCIA'!J11 -> 336 | H11: 420 | I11: =IF(#REF!<17200,DISTÂNCIA3[[#This Row],[KM PARA PAGAMENTO DOS FRETES]]*4.74,((#REF!/17200)*4.74)*DISTÂNCIA3[[#This Row],[KM PARA PAGAMENTO DOS FRETES]]) -> #REF! | J11: =DISTÂNCIA3[[#This Row],[Valor CTE]]/DISTÂNCIA3[[#This Row],[KM PARA PAGAMENTO DOS FRETES]] -> 4.9735714 | K11: =ROUND((F11*4.578)+194.44,2) -> 963.54 | L11: =0.92*DISTÂNCIA3[[#This Row],[KM distancia]]*4.578 -> 707.57568 | M11: =ROUND(((F11*4.578)+194.44)+(0.92*F11*4.578),2) -> 1671.12
A12: ='DASE DADOS - DISTANCIA'!A12 -> 5760739 | B12: ='DASE DADOS - DISTANCIA'!B12 -> ADELAR LUIZ STURMER | C12: ='DASE DADOS - DISTANCIA'!C12 -> A1 | D12: ='DASE DADOS - DISTANCIA'!E12 -> CASCAVEL | E12: ='DASE DADOS - DISTANCIA'!I12 -> PLUMA | F12: 34 | G12: ='DASE DADOS - DISTANCIA'!J12 -> 68 | H12: 420 | I12: =IF(#REF!<17200,DISTÂNCIA3[[#This Row],[KM PARA PAGAMENTO DOS FRETES]]*4.74,((#REF!/17200)*4.74)*DISTÂNCIA3[[#This Row],[KM PARA PAGAMENTO DOS FRETES]]) -> #REF! | J12: =DISTÂNCIA3[[#This Row],[Valor CTE]]/DISTÂNCIA3[[#This Row],[KM PARA PAGAMENTO DOS FRETES]] -> 7.2542647 | K12: =ROUND((F12*4.578)+194.44,2) -> 350.09 | L12: =0.92*DISTÂNCIA3[[#This Row],[KM distancia]]*4.578 -> 143.19984 | M12: =ROUND(((F12*4.578)+194.44)+(0.92*F12*4.578),2) -> 493.29
A13: ='DASE DADOS - DISTANCIA'!A13 -> 30668 | B13: ='DASE DADOS - DISTANCIA'!B13 -> IARA MARIA SIGNOR LAZAROTO | C13: ='DASE DADOS - DISTANCIA'!C13 -> A3 | D13: ='DASE DADOS - DISTANCIA'!E13 -> SANTO ANTÔNIO DO SUDOESTE | E13: ='DASE DADOS - DISTANCIA'!I13 -> PLUSVAL | F13: 168 | G13: ='DASE DADOS - DISTANCIA'!J13 -> 336 | H13: 420 | I13: =IF(#REF!<17200,DISTÂNCIA3[[#This Row],[KM PARA PAGAMENTO DOS FRETES]]*4.74,((#REF!/17200)*4.74)*DISTÂNCIA3[[#This Row],[KM PARA PAGAMENTO DOS FRETES]]) -> #REF! | J13: =DISTÂNCIA3[[#This Row],[Valor CTE]]/DISTÂNCIA3[[#This Row],[KM PARA PAGAMENTO DOS FRETES]] -> 4.9735714 | K13: =ROUND((F13*4.578)+194.44,2) -> 963.54 | L13: =0.92*DISTÂNCIA3[[#This Row],[KM distancia]]*4.578 -> 707.57568 | M13: =ROUND(((F13*4.578)+194.44)+(0.92*F13*4.578),2) -> 1671.12
A14: ='DASE DADOS - DISTANCIA'!A14 -> 5760739 | B14: ='DASE DADOS - DISTANCIA'!B14 -> ADELAR LUIZ STURMER | C14: ='DASE DADOS - DISTANCIA'!C14 -> A2 | D14: ='DASE DADOS - DISTANCIA'!E14 -> CASCAVEL | E14: ='DASE DADOS - DISTANCIA'!I14 -> PLUMA | F14: 34 | G14: ='DASE DADOS - DISTANCIA'!J14 -> 68 | H14: 420 | I14: =IF(#REF!<17200,DISTÂNCIA3[[#This Row],[KM PARA PAGAMENTO DOS FRETES]]*4.74,((#REF!/17200)*4.74)*DISTÂNCIA3[[#This Row],[KM PARA PAGAMENTO DOS FRETES]]) -> #REF! | J14: =DISTÂNCIA3[[#This Row],[Valor CTE]]/DISTÂNCIA3[[#This Row],[KM PARA PAGAMENTO DOS FRETES]] -> 7.2542647 | K14: =ROUND((F14*4.578)+194.44,2) -> 350.09 | L14: =0.92*DISTÂNCIA3[[#This Row],[KM distancia]]*4.578 -> 143.19984 | M14: =ROUND(((F14*4.578)+194.44)+(0.92*F14*4.578),2) -> 493.29
... A129: ='DASE DADOS - DISTANCIA'!A129 -> 30342 | B129: ='DASE DADOS - DISTANCIA'!B129 -> EVE CARLA DAL BO | C129: ='DASE DADOS - DISTANCIA'!C129 -> A4 | D129: ='DASE DADOS - DISTANCIA'!E129 -> PRANCHITA | E129: ='DASE DADOS - DISTANCIA'!I129 -> PLUSVAL | F129: 155 | G129: ='DASE DADOS - DISTANCIA'!J129 -> 310 | H129: 420 | I129: =IF(#REF!<17200,DISTÂNCIA3[[#This Row],[KM PARA PAGAMENTO DOS FRETES]]*4.74,((#REF!/17200)*4.74)*DISTÂNCIA3[[#This Row],[KM PARA PAGAMENTO DOS FRETES]]) -> #REF! | J129: =DISTÂNCIA3[[#This Row],[Valor CTE]]/DISTÂNCIA3[[#This Row],[KM PARA PAGAMENTO DOS FRETES]] -> 5.0220968 | K129: =ROUND((F129*4.578)+194.44,2) -> 904.03 | L129: =0.92*DISTÂNCIA3[[#This Row],[KM distancia]]*4.578 -> 652.8228 | M129: =ROUND(((F129*4.578)+194.44)+(0.92*F129*4.578),2) -> 1556.85
A130: ='DASE DADOS - DISTANCIA'!A130 -> 30072 | B130: U | C130: ='DASE DADOS - DISTANCIA'!C130 -> A2 | D130: ='DASE DADOS - DISTANCIA'!E130 -> CAPANEMA | E130: ='DASE DADOS - DISTANCIA'!I130 -> PLUSVAL | F130: 130 | G130: ='DASE DADOS - DISTANCIA'!J130 -> 260 | H130: 420 | I130: =IF(#REF!<17200,DISTÂNCIA3[[#This Row],[KM PARA PAGAMENTO DOS FRETES]]*4.74,((#REF!/17200)*4.74)*DISTÂNCIA3[[#This Row],[KM PARA PAGAMENTO DOS FRETES]]) -> #REF! | J130: =DISTÂNCIA3[[#This Row],[Valor CTE]]/DISTÂNCIA3[[#This Row],[KM PARA PAGAMENTO DOS FRETES]] -> 5.1427308 | K130: =ROUND((F130*4.578)+194.44,2) -> 789.58 | L130: =0.92*DISTÂNCIA3[[#This Row],[KM distancia]]*4.578 -> 547.5288 | M130: =ROUND(((F130*4.578)+194.44)+(0.92*F130*4.578),2) -> 1337.11
A131: ='DASE DADOS - DISTANCIA'!A131 -> 30342 | B131: ='DASE DADOS - DISTANCIA'!B131 -> EVE CARLA DAL BO | C131: ='DASE DADOS - DISTANCIA'!C131 -> A3 | D131: ='DASE DADOS - DISTANCIA'!E131 -> PRANCHITA | E131: ='DASE DADOS - DISTANCIA'!I131 -> PLUSVAL | F131: 155 | G131: ='DASE DADOS - DISTANCIA'!J131 -> 310 | H131: 420 | I131: =IF(#REF!<17200,DISTÂNCIA3[[#This Row],[KM PARA PAGAMENTO DOS FRETES]]*4.74,((#REF!/17200)*4.74)*DISTÂNCIA3[[#This Row],[KM PARA PAGAMENTO DOS FRETES]]) -> #REF! | J131: =DISTÂNCIA3[[#This Row],[Valor CTE]]/DISTÂNCIA3[[#This Row],[KM PARA PAGAMENTO DOS FRETES]] -> 5.0220968 | K131: =ROUND((F131*4.578)+194.44,2) -> 904.03 | L131: =0.92*DISTÂNCIA3[[#This Row],[KM distancia]]*4.578 -> 652.8228 | M131: =ROUND(((F131*4.578)+194.44)+(0.92*F131*4.578),2) -> 1556.85
A132: ='DASE DADOS - DISTANCIA'!A132 -> 30072 | B132: ='DASE DADOS - DISTANCIA'!B132 -> ANDROW KELVIN GEBAUER | C132: ='DASE DADOS - DISTANCIA'!C132 -> A1 | D132: ='DASE DADOS - DISTANCIA'!E132 -> CAPANEMA | E132: ='DASE DADOS - DISTANCIA'!I132 -> PLUSVAL | F132: 130 | G132: ='DASE DADOS - DISTANCIA'!J132 -> 260 | H132: 420 | I132: =IF(#REF!<17200,DISTÂNCIA3[[#This Row],[KM PARA PAGAMENTO DOS FRETES]]*4.74,((#REF!/17200)*4.74)*DISTÂNCIA3[[#This Row],[KM PARA PAGAMENTO DOS FRETES]]) -> #REF! | J132: =DISTÂNCIA3[[#This Row],[Valor CTE]]/DISTÂNCIA3[[#This Row],[KM PARA PAGAMENTO DOS FRETES]] -> 5.1427308 | K132: =ROUND((F132*4.578)+194.44,2) -> 789.58 | L132: =0.92*DISTÂNCIA3[[#This Row],[KM distancia]]*4.578 -> 547.5288 | M132: =ROUND(((F132*4.578)+194.44)+(0.92*F132*4.578),2) -> 1337.11
A133: ='DASE DADOS - DISTANCIA'!A133 -> 30342 | B133: ='DASE DADOS - DISTANCIA'!B133 -> EVE CARLA DAL BO | C133: ='DASE DADOS - DISTANCIA'!C133 -> A2 | D133: ='DASE DADOS - DISTANCIA'!E133 -> PRANCHITA | E133: ='DASE DADOS - DISTANCIA'!I133 -> PLUSVAL | F133: 155 | G133: ='DASE DADOS - DISTANCIA'!J133 -> 310 | H133: 420 | I133: =IF(#REF!<17200,DISTÂNCIA3[[#This Row],[KM PARA PAGAMENTO DOS FRETES]]*4.74,((#REF!/17200)*4.74)*DISTÂNCIA3[[#This Row],[KM PARA PAGAMENTO DOS FRETES]]) -> #REF! | J133: =DISTÂNCIA3[[#This Row],[Valor CTE]]/DISTÂNCIA3[[#This Row],[KM PARA PAGAMENTO DOS FRETES]] -> 5.0220968 | K133: =ROUND((F133*4.578)+194.44,2) -> 904.03 | L133: =0.92*DISTÂNCIA3[[#This Row],[KM distancia]]*4.578 -> 652.8228 | M133: =ROUND(((F133*4.578)+194.44)+(0.92*F133*4.578),2) -> 1556.85
A134: ='DASE DADOS - DISTANCIA'!A134 -> 30342 | B134: ='DASE DADOS - DISTANCIA'!B134 -> EVE CARLA DAL BO | C134: ='DASE DADOS - DISTANCIA'!C134 -> A1 | D134: ='DASE DADOS - DISTANCIA'!E134 -> PRANCHITA | E134: ='DASE DADOS - DISTANCIA'!I134 -> PLUSVAL | F134: 155 | G134: ='DASE DADOS - DISTANCIA'!J134 -> 310 | H134: 420 | I134: =IF(#REF!<17200,DISTÂNCIA3[[#This Row],[KM PARA PAGAMENTO DOS FRETES]]*4.74,((#REF!/17200)*4.74)*DISTÂNCIA3[[#This Row],[KM PARA PAGAMENTO DOS FRETES]]) -> #REF! | J134: =DISTÂNCIA3[[#This Row],[Valor CTE]]/DISTÂNCIA3[[#This Row],[KM PARA PAGAMENTO DOS FRETES]] -> 5.0220968 | K134: =ROUND((F134*4.578)+194.44,2) -> 904.03 | L134: =0.92*DISTÂNCIA3[[#This Row],[KM distancia]]*4.578 -> 652.8228 | M134: =ROUND(((F134*4.578)+194.44)+(0.92*F134*4.578),2) -> 1556.85
A135: ='DASE DADOS - DISTANCIA'!A135 -> 5675936 | B135: ='DASE DADOS - DISTANCIA'!B135 -> ANTONIO FERNANDES DE OLIVEIRA | C135: ='DASE DADOS - DISTANCIA'!C135 -> A1 | D135: ='DASE DADOS - DISTANCIA'!E135 -> TOLEDO | E135: ='DASE DADOS - DISTANCIA'!I135 -> PLUMA | F135: 46 | G135: ='DASE DADOS - DISTANCIA'!J135 -> 92 | H135: 420 | I135: =IF(#REF!<17200,DISTÂNCIA3[[#This Row],[KM PARA PAGAMENTO DOS FRETES]]*4.74,((#REF!/17200)*4.74)*DISTÂNCIA3[[#This Row],[KM PARA PAGAMENTO DOS FRETES]]) -> #REF! | J135: =DISTÂNCIA3[[#This Row],[Valor CTE]]/DISTÂNCIA3[[#This Row],[KM PARA PAGAMENTO DOS FRETES]] -> 6.5083696 | K135: =ROUND((F135*4.578)+194.44,2) -> 405.03 | L135: =0.92*DISTÂNCIA3[[#This Row],[KM distancia]]*4.578 -> 193.74096 | M135: =ROUND(((F135*4.578)+194.44)+(0.92*F135*4.578),2) -> 598.77
A136: ='DASE DADOS - DISTANCIA'!A136 -> 30342 | B136: ='DASE DADOS - DISTANCIA'!B136 -> EVE CARLA DAL BO | C136: ='DASE DADOS - DISTANCIA'!C136 -> A5 | D136: ='DASE DADOS - DISTANCIA'!E136 -> PRANCHITA | E136: ='DASE DADOS - DISTANCIA'!I136 -> PLUSVAL | F136: 155 | G136: ='DASE DADOS - DISTANCIA'!J136 -> 310 | H136: 420 | I136: =IF(#REF!<17200,DISTÂNCIA3[[#This Row],[KM PARA PAGAMENTO DOS FRETES]]*4.74,((#REF!/17200)*4.74)*DISTÂNCIA3[[#This Row],[KM PARA PAGAMENTO DOS FRETES]]) -> #REF! | J136: =DISTÂNCIA3[[#This Row],[Valor CTE]]/DISTÂNCIA3[[#This Row],[KM PARA PAGAMENTO DOS FRETES]] -> 5.0220968 | K136: =ROUND((F136*4.578)+194.44,2) -> 904.03 | L136: =0.92*DISTÂNCIA3[[#This Row],[KM distancia]]*4.578 -> 652.8228 | M136: =ROUND(((F136*4.578)+194.44)+(0.92*F136*4.578),2) -> 1556.85
A137: ='DASE DADOS - DISTANCIA'!A137 -> 29887 | B137: ='DASE DADOS - DISTANCIA'!B137 -> ARDENICO DALL ALBA | C137: ='DASE DADOS - DISTANCIA'!C137 -> A1 | D137: ='DASE DADOS - DISTANCIA'!E137 -> CAPANEMA | E137: ='DASE DADOS - DISTANCIA'!I137 -> PLUSVAL | F137: 108.5 | G137: ='DASE DADOS - DISTANCIA'!J137 -> 217 | H137: 420 | I137: =IF(#REF!<17200,DISTÂNCIA3[[#This Row],[KM PARA PAGAMENTO DOS FRETES]]*4.74,((#REF!/17200)*4.74)*DISTÂNCIA3[[#This Row],[KM PARA PAGAMENTO DOS FRETES]]) -> #REF! | J137: =DISTÂNCIA3[[#This Row],[Valor CTE]]/DISTÂNCIA3[[#This Row],[KM PARA PAGAMENTO DOS FRETES]] -> 5.2909217 | K137: =ROUND((F137*4.578)+194.44,2) -> 691.15 | L137: =0.92*DISTÂNCIA3[[#This Row],[KM distancia]]*4.578 -> 456.97596 | M137: =ROUND(((F137*4.578)+194.44)+(0.92*F137*4.578),2) -> 1148.13
A138: ='DASE DADOS - DISTANCIA'!A138 -> 29958 | B138: ='DASE DADOS - DISTANCIA'!B138 -> LAIRSON THEISEN | C138: ='DASE DADOS - DISTANCIA'!C138 -> A1 | D138: ='DASE DADOS - DISTANCIA'!E138 -> CAPANEMA | E138: ='DASE DADOS - DISTANCIA'!I138 -> PLUSVAL | F138: 114.5 | G138: ='DASE DADOS - DISTANCIA'!J138 -> 229 | H138: 420 | I138: =IF(#REF!<17200,DISTÂNCIA3[[#This Row],[KM PARA PAGAMENTO DOS FRETES]]*4.74,((#REF!/17200)*4.74)*DISTÂNCIA3[[#This Row],[KM PARA PAGAMENTO DOS FRETES]]) -> #REF! | J138: =DISTÂNCIA3[[#This Row],[Valor CTE]]/DISTÂNCIA3[[#This Row],[KM PARA PAGAMENTO DOS FRETES]] -> 5.2439738 | K138: =ROUND((F138*4.578)+194.44,2) -> 718.62 | L138: =0.92*DISTÂNCIA3[[#This Row],[KM distancia]]*4.578 -> 482.24652 | M138: =ROUND(((F138*4.578)+194.44)+(0.92*F138*4.578),2) -> 1200.87
A139: ='DASE DADOS - DISTANCIA'!A139 -> 5475007 | B139: ='DASE DADOS - DISTANCIA'!B139 -> ARNO SCHMIDT | C139: ='DASE DADOS - DISTANCIA'!C139 -> A1 | D139: ='DASE DADOS - DISTANCIA'!E139 -> TOLEDO | E139: ='DASE DADOS - DISTANCIA'!I139 -> PLUMA | F139: 67 | G139: ='DASE DADOS - DISTANCIA'!J139 -> 134 | H139: 420 | I139: =IF(#REF!<17200,DISTÂNCIA3[[#This Row],[KM PARA PAGAMENTO DOS FRETES]]*4.74,((#REF!/17200)*4.74)*DISTÂNCIA3[[#This Row],[KM PARA PAGAMENTO DOS FRETES]]) -> #REF! | J139: =DISTÂNCIA3[[#This Row],[Valor CTE]]/DISTÂNCIA3[[#This Row],[KM PARA PAGAMENTO DOS FRETES]] -> 5.8458955 | K139: =ROUND((F139*4.578)+194.44,2) -> 501.17 | L139: =0.92*DISTÂNCIA3[[#This Row],[KM distancia]]*4.578 -> 282.18792 | M139: =ROUND(((F139*4.578)+194.44)+(0.92*F139*4.578),2) -> 783.35
A140: ='DASE DADOS - DISTANCIA'!A140 -> 29958 | B140: ='DASE DADOS - DISTANCIA'!B140 -> LAIRSON THEISEN | C140: ='DASE DADOS - DISTANCIA'!C140 -> A2 | D140: ='DASE DADOS - DISTANCIA'!E140 -> CAPANEMA | E140: ='DASE DADOS - DISTANCIA'!I140 -> PLUSVAL | F140: 114.5 | G140: ='DASE DADOS - DISTANCIA'!J140 -> 229 | H140: 420 | I140: =IF(#REF!<17200,DISTÂNCIA3[[#This Row],[KM PARA PAGAMENTO DOS FRETES]]*4.74,((#REF!/17200)*4.74)*DISTÂNCIA3[[#This Row],[KM PARA PAGAMENTO DOS FRETES]]) -> #REF! | J140: =DISTÂNCIA3[[#This Row],[Valor CTE]]/DISTÂNCIA3[[#This Row],[KM PARA PAGAMENTO DOS FRETES]] -> 5.2439738 | K140: =ROUND((F140*4.578)+194.44,2) -> 718.62 | L140: =0.92*DISTÂNCIA3[[#This Row],[KM distancia]]*4.578 -> 482.24652 | M140: =ROUND(((F140*4.578)+194.44)+(0.92*F140*4.578),2) -> 1200.87
A141: ='DASE DADOS - DISTANCIA'!A141 -> 5475007 | B141: ='DASE DADOS - DISTANCIA'!B141 -> ARNO SCHMIDT | C141: ='DASE DADOS - DISTANCIA'!C141 -> A2 | D141: ='DASE DADOS - DISTANCIA'!E141 -> TOLEDO | E141: ='DASE DADOS - DISTANCIA'!I141 -> PLUMA | F141: 67 | G141: ='DASE DADOS - DISTANCIA'!J141 -> 134 | H141: 420 | I141: =IF(#REF!<17200,DISTÂNCIA3[[#This Row],[KM PARA PAGAMENTO DOS FRETES]]*4.74,((#REF!/17200)*4.74)*DISTÂNCIA3[[#This Row],[KM PARA PAGAMENTO DOS FRETES]]) -> #REF! | J141: =DISTÂNCIA3[[#This Row],[Valor CTE]]/DISTÂNCIA3[[#This Row],[KM PARA PAGAMENTO DOS FRETES]] -> 5.8458955 | K141: =ROUND((F141*4.578)+194.44,2) -> 501.17 | L141: =0.92*DISTÂNCIA3[[#This Row],[KM distancia]]*4.578 -> 282.18792 | M141: =ROUND(((F141*4.578)+194.44)+(0.92*F141*4.578),2) -> 783.35
A142: ='DASE DADOS - DISTANCIA'!A142 -> 30465 | B142: ='DASE DADOS - DISTANCIA'!B142 -> LIANE EBERT | C142: ='DASE DADOS - DISTANCIA'!C142 -> A1 | D142: ='DASE DADOS - DISTANCIA'!E142 -> CAPANEMA | E142: ='DASE DADOS - DISTANCIA'!I142 -> PLUSVAL | F142: 129.5 | G142: ='DASE DADOS - DISTANCIA'!J142 -> 259 | H142: 420 | I142: =IF(#REF!<17200,DISTÂNCIA3[[#This Row],[KM PARA PAGAMENTO DOS FRETES]]*4.74,((#REF!/17200)*4.74)*DISTÂNCIA3[[#This Row],[KM PARA PAGAMENTO DOS FRETES]]) -> #REF! | J142: =DISTÂNCIA3[[#This Row],[Valor CTE]]/DISTÂNCIA3[[#This Row],[KM PARA PAGAMENTO DOS FRETES]] -> 5.1455985 | K142: =ROUND((F142*4.578)+194.44,2) -> 787.29 | L142: =0.92*DISTÂNCIA3[[#This Row],[KM distancia]]*4.578 -> 545.42292 | M142: =ROUND(((F142*4.578)+194.44)+(0.92*F142*4.578),2) -> 1332.71
... A207: ='DASE DADOS - DISTANCIA'!A207 -> 30664 | B207: ='DASE DADOS - DISTANCIA'!B207 -> EDEVIR CONTI | C207: ='DASE DADOS - DISTANCIA'!C207 -> A1 | D207: ='DASE DADOS - DISTANCIA'!E207 -> PRANCHITA | E207: ='DASE DADOS - DISTANCIA'!I207 -> PLUSVAL | F207: 156.5 | G207: ='DASE DADOS - DISTANCIA'!J207 -> 313 | H207: 420 | I207: =IF(#REF!<17200,DISTÂNCIA3[[#This Row],[KM PARA PAGAMENTO DOS FRETES]]*4.74,((#REF!/17200)*4.74)*DISTÂNCIA3[[#This Row],[KM PARA PAGAMENTO DOS FRETES]]) -> #REF! | J207: =DISTÂNCIA3[[#This Row],[Valor CTE]]/DISTÂNCIA3[[#This Row],[KM PARA PAGAMENTO DOS FRETES]] -> 5.0161022 | K207: =ROUND((F207*4.578)+194.44,2) -> 910.9 | L207: =0.92*DISTÂNCIA3[[#This Row],[KM distancia]]*4.578 -> 659.14044 | M207: =ROUND(((F207*4.578)+194.44)+(0.92*F207*4.578),2) -> 1570.04
A208: ='DASE DADOS - DISTANCIA'!A208 -> 41901 | B208: ='DASE DADOS - DISTANCIA'!B208 -> LUCAS EDUARDO LUFT | C208: ='DASE DADOS - DISTANCIA'!C208 -> A2 | D208: ='DASE DADOS - DISTANCIA'!E208 -> CAPANEMA | E208: ='DASE DADOS - DISTANCIA'!I208 -> PLUSVAL | F208: 120 | G208: 240 | H208: 420 | I208: =IF(#REF!<17200,DISTÂNCIA3[[#This Row],[KM PARA PAGAMENTO DOS FRETES]]*4.74,((#REF!/17200)*4.74)*DISTÂNCIA3[[#This Row],[KM PARA PAGAMENTO DOS FRETES]]) -> #REF! | J208: =DISTÂNCIA3[[#This Row],[Valor CTE]]/DISTÂNCIA3[[#This Row],[KM PARA PAGAMENTO DOS FRETES]] -> 5.2050417 | K208: =ROUND((F208*4.578)+194.44,2) -> 743.8 | L208: =0.92*DISTÂNCIA3[[#This Row],[KM distancia]]*4.578 -> 505.4112 | M208: =ROUND(((F208*4.578)+194.44)+(0.92*F208*4.578),2) -> 1249.21
A209: ='DASE DADOS - DISTANCIA'!A209 -> 30058 | B209: ='DASE DADOS - DISTANCIA'!B209 -> ELIMAR SCHINDLER | C209: ='DASE DADOS - DISTANCIA'!C209 -> A1 | D209: ='DASE DADOS - DISTANCIA'!E209 -> CAPANEMA | E209: ='DASE DADOS - DISTANCIA'!I209 -> PLUSVAL | F209: 121.5 | G209: ='DASE DADOS - DISTANCIA'!J209 -> 243 | H209: 420 | I209: =IF(#REF!<17200,DISTÂNCIA3[[#This Row],[KM PARA PAGAMENTO DOS FRETES]]*4.74,((#REF!/17200)*4.74)*DISTÂNCIA3[[#This Row],[KM PARA PAGAMENTO DOS FRETES]]) -> #REF! | J209: =DISTÂNCIA3[[#This Row],[Valor CTE]]/DISTÂNCIA3[[#This Row],[KM PARA PAGAMENTO DOS FRETES]] -> 5.1950617 | K209: =ROUND((F209*4.578)+194.44,2) -> 750.67 | L209: =0.92*DISTÂNCIA3[[#This Row],[KM distancia]]*4.578 -> 511.72884 | M209: =ROUND(((F209*4.578)+194.44)+(0.92*F209*4.578),2) -> 1262.4
A210: ='DASE DADOS - DISTANCIA'!A210 -> 41901 | B210: ='DASE DADOS - DISTANCIA'!B210 -> LUCAS EDUARDO LUFT | C210: ='DASE DADOS - DISTANCIA'!C210 -> A1 | D210: ='DASE DADOS - DISTANCIA'!E210 -> CAPANEMA | E210: ='DASE DADOS - DISTANCIA'!I210 -> PLUSVAL | F210: 120 | G210: ='DASE DADOS - DISTANCIA'!J210 -> 240 | H210: 420 | I210: =IF(#REF!<17200,DISTÂNCIA3[[#This Row],[KM PARA PAGAMENTO DOS FRETES]]*4.74,((#REF!/17200)*4.74)*DISTÂNCIA3[[#This Row],[KM PARA PAGAMENTO DOS FRETES]]) -> #REF! | J210: =DISTÂNCIA3[[#This Row],[Valor CTE]]/DISTÂNCIA3[[#This Row],[KM PARA PAGAMENTO DOS FRETES]] -> 5.2050417 | K210: =ROUND((F210*4.578)+194.44,2) -> 743.8 | L210: =0.92*DISTÂNCIA3[[#This Row],[KM distancia]]*4.578 -> 505.4112 | M210: =ROUND(((F210*4.578)+194.44)+(0.92*F210*4.578),2) -> 1249.21
A211: ='DASE DADOS - DISTANCIA'!A211 -> 29954 | B211: ='DASE DADOS - DISTANCIA'!B211 -> ELIMARI MAROSTIKA ROSO | C211: ='DASE DADOS - DISTANCIA'!C211 -> A1 | D211: ='DASE DADOS - DISTANCIA'!E211 -> CAPANEMA | E211: ='DASE DADOS - DISTANCIA'!I211 -> PLUSVAL | F211: 121.5 | G211: ='DASE DADOS - DISTANCIA'!J211 -> 243 | H211: 420 | I211: =IF(#REF!<17200,DISTÂNCIA3[[#This Row],[KM PARA PAGAMENTO DOS FRETES]]*4.74,((#REF!/17200)*4.74)*DISTÂNCIA3[[#This Row],[KM PARA PAGAMENTO DOS FRETES]]) -> #REF! | J211: =DISTÂNCIA3[[#This Row],[Valor CTE]]/DISTÂNCIA3[[#This Row],[KM PARA PAGAMENTO DOS FRETES]] -> 5.1950617 | K211: =ROUND((F211*4.578)+194.44,2) -> 750.67 | L211: =0.92*DISTÂNCIA3[[#This Row],[KM distancia]]*4.578 -> 511.72884 | M211: =ROUND(((F211*4.578)+194.44)+(0.92*F211*4.578),2) -> 1262.4
A212: ='DASE DADOS - DISTANCIA'!A212 -> 29432 | B212: ='DASE DADOS - DISTANCIA'!B212 -> DELIRDES DAL PIVA KIPPER | C212: ='DASE DADOS - DISTANCIA'!C212 -> A1 | D212: ='DASE DADOS - DISTANCIA'!E212 -> CAPANEMA | E212: ='DASE DADOS - DISTANCIA'!I212 -> PLUSVAL | F212: 124.5 | G212: ='DASE DADOS - DISTANCIA'!J212 -> 249 | H212: 420 | I212: =IF(#REF!<17200,DISTÂNCIA3[[#This Row],[KM PARA PAGAMENTO DOS FRETES]]*4.74,((#REF!/17200)*4.74)*DISTÂNCIA3[[#This Row],[KM PARA PAGAMENTO DOS FRETES]]) -> #REF! | J212: =DISTÂNCIA3[[#This Row],[Valor CTE]]/DISTÂNCIA3[[#This Row],[KM PARA PAGAMENTO DOS FRETES]] -> 5.1757831 | K212: =ROUND((F212*4.578)+194.44,2) -> 764.4 | L212: =0.92*DISTÂNCIA3[[#This Row],[KM distancia]]*4.578 -> 524.36412 | M212: =ROUND(((F212*4.578)+194.44)+(0.92*F212*4.578),2) -> 1288.77
A213: ='DASE DADOS - DISTANCIA'!A213 -> 29423 | B213: ='DASE DADOS - DISTANCIA'!B213 -> ELIO MINSKI | C213: ='DASE DADOS - DISTANCIA'!C213 -> A1 | D213: ='DASE DADOS - DISTANCIA'!E213 -> CAPANEMA | E213: ='DASE DADOS - DISTANCIA'!I213 -> PLUSVAL | F213: 114.5 | G213: ='DASE DADOS - DISTANCIA'!J213 -> 229 | H213: 420 | I213: =IF(#REF!<17200,DISTÂNCIA3[[#This Row],[KM PARA PAGAMENTO DOS FRETES]]*4.74,((#REF!/17200)*4.74)*DISTÂNCIA3[[#This Row],[KM PARA PAGAMENTO DOS FRETES]]) -> #REF! | J213: =DISTÂNCIA3[[#This Row],[Valor CTE]]/DISTÂNCIA3[[#This Row],[KM PARA PAGAMENTO DOS FRETES]] -> 5.2439738 | K213: =ROUND((F213*4.578)+194.44,2) -> 718.62 | L213: =0.92*DISTÂNCIA3[[#This Row],[KM distancia]]*4.578 -> 482.24652 | M213: =ROUND(((F213*4.578)+194.44)+(0.92*F213*4.578),2) -> 1200.87
A214: ='DASE DADOS - DISTANCIA'!A214 -> 29950 | B214: ='DASE DADOS - DISTANCIA'!B214 -> DELMIR LUIZ TRARBACH | C214: ='DASE DADOS - DISTANCIA'!C214 -> A2 | D214: ='DASE DADOS - DISTANCIA'!E214 -> CAPANEMA | E214: ='DASE DADOS - DISTANCIA'!I214 -> PLUSVAL | F214: 116 | G214: ='DASE DADOS - DISTANCIA'!J214 -> 232 | H214: 420 | I214: =IF(#REF!<17200,DISTÂNCIA3[[#This Row],[KM PARA PAGAMENTO DOS FRETES]]*4.74,((#REF!/17200)*4.74)*DISTÂNCIA3[[#This Row],[KM PARA PAGAMENTO DOS FRETES]]) -> #REF! | J214: =DISTÂNCIA3[[#This Row],[Valor CTE]]/DISTÂNCIA3[[#This Row],[KM PARA PAGAMENTO DOS FRETES]] -> 5.2329741 | K214: =ROUND((F214*4.578)+194.44,2) -> 725.49 | L214: =0.92*DISTÂNCIA3[[#This Row],[KM distancia]]*4.578 -> 488.56416 | M214: =ROUND(((F214*4.578)+194.44)+(0.92*F214*4.578),2) -> 1214.05
A215: ='DASE DADOS - DISTANCIA'!A215 -> 29423 | B215: ='DASE DADOS - DISTANCIA'!B215 -> ELIO MINSKI | C215: ='DASE DADOS - DISTANCIA'!C215 -> A2 | D215: ='DASE DADOS - DISTANCIA'!E215 -> CAPANEMA | E215: ='DASE DADOS - DISTANCIA'!I215 -> PLUSVAL | F215: 114.5 | G215: ='DASE DADOS - DISTANCIA'!J215 -> 229 | H215: 420 | I215: =IF(#REF!<17200,DISTÂNCIA3[[#This Row],[KM PARA PAGAMENTO DOS FRETES]]*4.74,((#REF!/17200)*4.74)*DISTÂNCIA3[[#This Row],[KM PARA PAGAMENTO DOS FRETES]]) -> #REF! | J215: =DISTÂNCIA3[[#This Row],[Valor CTE]]/DISTÂNCIA3[[#This Row],[KM PARA PAGAMENTO DOS FRETES]] -> 5.2439738 | K215: =ROUND((F215*4.578)+194.44,2) -> 718.62 | L215: =0.92*DISTÂNCIA3[[#This Row],[KM distancia]]*4.578 -> 482.24652 | M215: =ROUND(((F215*4.578)+194.44)+(0.92*F215*4.578),2) -> 1200.87
A216: ='DASE DADOS - DISTANCIA'!A216 -> 29950 | B216: ='DASE DADOS - DISTANCIA'!B216 -> DELMIR LUIZ TRARBACH | C216: ='DASE DADOS - DISTANCIA'!C216 -> A1 | D216: ='DASE DADOS - DISTANCIA'!E216 -> CAPANEMA | E216: ='DASE DADOS - DISTANCIA'!I216 -> PLUSVAL | F216: 116 | G216: ='DASE DADOS - DISTANCIA'!J216 -> 232 | H216: 420 | I216: =IF(#REF!<17200,DISTÂNCIA3[[#This Row],[KM PARA PAGAMENTO DOS FRETES]]*4.74,((#REF!/17200)*4.74)*DISTÂNCIA3[[#This Row],[KM PARA PAGAMENTO DOS FRETES]]) -> #REF! | J216: =DISTÂNCIA3[[#This Row],[Valor CTE]]/DISTÂNCIA3[[#This Row],[KM PARA PAGAMENTO DOS FRETES]] -> 5.2329741 | K216: =ROUND((F216*4.578)+194.44,2) -> 725.49 | L216: =0.92*DISTÂNCIA3[[#This Row],[KM distancia]]*4.578 -> 488.56416 | M216: =ROUND(((F216*4.578)+194.44)+(0.92*F216*4.578),2) -> 1214.05
A217: ='DASE DADOS - DISTANCIA'!A217 -> 835528 | B217: ='DASE DADOS - DISTANCIA'!B217 -> GEFERSON MOSSULIN | C217: ='DASE DADOS - DISTANCIA'!C217 -> A1 | D217: ='DASE DADOS - DISTANCIA'!E217 -> CAPITÃO LEÔNIDAS MARQUES | E217: ='DASE DADOS - DISTANCIA'!I217 -> PLUSVAL | F217: 70 | G217: ='DASE DADOS - DISTANCIA'!J217 -> 140 | H217: 420 | I217: =IF(#REF!<17200,DISTÂNCIA3[[#This Row],[KM PARA PAGAMENTO DOS FRETES]]*4.74,((#REF!/17200)*4.74)*DISTÂNCIA3[[#This Row],[KM PARA PAGAMENTO DOS FRETES]]) -> #REF! | J217: =DISTÂNCIA3[[#This Row],[Valor CTE]]/DISTÂNCIA3[[#This Row],[KM PARA PAGAMENTO DOS FRETES]] -> 5.7837143 | K217: =ROUND((F217*4.578)+194.44,2) -> 514.9 | L217: =0.92*DISTÂNCIA3[[#This Row],[KM distancia]]*4.578 -> 294.8232 | M217: =ROUND(((F217*4.578)+194.44)+(0.92*F217*4.578),2) -> 809.72
A218: ='DASE DADOS - DISTANCIA'!A218 -> 984442 | B218: ='DASE DADOS - DISTANCIA'!B218 -> GILBERTO PAGLIARINI | C218: ='DASE DADOS - DISTANCIA'!C218 -> A1 | D218: ='DASE DADOS - DISTANCIA'!E218 -> PRANCHITA | E218: ='DASE DADOS - DISTANCIA'!I218 -> PLUSVAL | F218: 139.5 | G218: ='DASE DADOS - DISTANCIA'!J218 -> 279 | H218: 420 | I218: =IF(#REF!<17200,DISTÂNCIA3[[#This Row],[KM PARA PAGAMENTO DOS FRETES]]*4.74,((#REF!/17200)*4.74)*DISTÂNCIA3[[#This Row],[KM PARA PAGAMENTO DOS FRETES]]) -> #REF! | J218: =DISTÂNCIA3[[#This Row],[Valor CTE]]/DISTÂNCIA3[[#This Row],[KM PARA PAGAMENTO DOS FRETES]] -> 5.0917921 | K218: =ROUND((F218*4.578)+194.44,2) -> 833.07 | L218: =0.92*DISTÂNCIA3[[#This Row],[KM distancia]]*4.578 -> 587.54052 | M218: =ROUND(((F218*4.578)+194.44)+(0.92*F218*4.578),2) -> 1420.61
A219: ='DASE DADOS - DISTANCIA'!A219 -> 30459 | B219: ='DASE DADOS - DISTANCIA'!B219 -> DILCEU ERNESTO ROMAN | C219: ='DASE DADOS - DISTANCIA'!C219 -> A1 | D219: ='DASE DADOS - DISTANCIA'!E219 -> CAPITÃO LEÔNIDAS MARQUES | E219: ='DASE DADOS - DISTANCIA'!I219 -> PLUSVAL | F219: 69.5 | G219: ='DASE DADOS - DISTANCIA'!J219 -> 139 | H219: 420 | I219: =IF(#REF!<17200,DISTÂNCIA3[[#This Row],[KM PARA PAGAMENTO DOS FRETES]]*4.74,((#REF!/17200)*4.74)*DISTÂNCIA3[[#This Row],[KM PARA PAGAMENTO DOS FRETES]]) -> #REF! | J219: =DISTÂNCIA3[[#This Row],[Valor CTE]]/DISTÂNCIA3[[#This Row],[KM PARA PAGAMENTO DOS FRETES]] -> 5.793741 | K219: =ROUND((F219*4.578)+194.44,2) -> 512.61 | L219: =0.92*DISTÂNCIA3[[#This Row],[KM distancia]]*4.578 -> 292.71732 | M219: =ROUND(((F219*4.578)+194.44)+(0.92*F219*4.578),2) -> 805.33
A220: ='DASE DADOS - DISTANCIA'!A220 -> 984442 | B220: ='DASE DADOS - DISTANCIA'!B220 -> GILBERTO PAGLIARINI | C220: ='DASE DADOS - DISTANCIA'!C220 -> A2 | D220: ='DASE DADOS - DISTANCIA'!E220 -> PRANCHITA | E220: ='DASE DADOS - DISTANCIA'!I220 -> PLUSVAL | F220: 139.5 | G220: ='DASE DADOS - DISTANCIA'!J220 -> 279 | H220: 420 | I220: =IF(#REF!<17200,DISTÂNCIA3[[#This Row],[KM PARA PAGAMENTO DOS FRETES]]*4.74,((#REF!/17200)*4.74)*DISTÂNCIA3[[#This Row],[KM PARA PAGAMENTO DOS FRETES]]) -> #REF! | J220: =DISTÂNCIA3[[#This Row],[Valor CTE]]/DISTÂNCIA3[[#This Row],[KM PARA PAGAMENTO DOS FRETES]] -> 5.0917921 | K220: =ROUND((F220*4.578)+194.44,2) -> 833.07 | L220: =0.92*DISTÂNCIA3[[#This Row],[KM distancia]]*4.578 -> 587.54052 | M220: =ROUND(((F220*4.578)+194.44)+(0.92*F220*4.578),2) -> 1420.61
... A330: ='DASE DADOS - DISTANCIA'!A330 -> 29955 | B330: ='DASE DADOS - DISTANCIA'!B330 -> FERNANDO SALBEGO | C330: ='DASE DADOS - DISTANCIA'!C330 -> A1 | D330: ='DASE DADOS - DISTANCIA'!E330 -> PÉROLA DO OESTE | E330: ='DASE DADOS - DISTANCIA'!I330 -> PLUSVAL | F330: 138 | G330: ='DASE DADOS - DISTANCIA'!J330 -> 276 | H330: 420 | I330: =IF(#REF!<17200,DISTÂNCIA3[[#This Row],[KM PARA PAGAMENTO DOS FRETES]]*4.74,((#REF!/17200)*4.74)*DISTÂNCIA3[[#This Row],[KM PARA PAGAMENTO DOS FRETES]]) -> #REF! | J330: =DISTÂNCIA3[[#This Row],[Valor CTE]]/DISTÂNCIA3[[#This Row],[KM PARA PAGAMENTO DOS FRETES]] -> 5.0993841 | K330: =ROUND((F330*4.578)+194.44,2) -> 826.2 | L330: =0.92*DISTÂNCIA3[[#This Row],[KM distancia]]*4.578 -> 581.22288 | M330: =ROUND(((F330*4.578)+194.44)+(0.92*F330*4.578),2) -> 1407.43
A331: ='DASE DADOS - DISTANCIA'!A331 -> 1122509 | B331: LAURINDO MARTINS | C331: ='DASE DADOS - DISTANCIA'!C331 -> A1 | D331: ='DASE DADOS - DISTANCIA'!E331 -> CAPANEMA | E331: ='DASE DADOS - DISTANCIA'!I331 -> PLUSVAL | F331: 121 | G331: ='DASE DADOS - DISTANCIA'!J331 -> 242 | H331: 420 | I331: =IF(#REF!<17200,DISTÂNCIA3[[#This Row],[KM PARA PAGAMENTO DOS FRETES]]*4.74,((#REF!/17200)*4.74)*DISTÂNCIA3[[#This Row],[KM PARA PAGAMENTO DOS FRETES]]) -> #REF! | J331: =DISTÂNCIA3[[#This Row],[Valor CTE]]/DISTÂNCIA3[[#This Row],[KM PARA PAGAMENTO DOS FRETES]] -> 5.1983471 | K331: =ROUND((F331*4.578)+194.44,2) -> 748.38 | L331: =0.92*DISTÂNCIA3[[#This Row],[KM distancia]]*4.578 -> 509.62296 | M331: =ROUND(((F331*4.578)+194.44)+(0.92*F331*4.578),2) -> 1258
A332: ='DASE DADOS - DISTANCIA'!A332 -> 1122509 | B332: ='DASE DADOS - DISTANCIA'!B332 -> FERNANDO WOLF | C332: ='DASE DADOS - DISTANCIA'!C332 -> A2 | D332: ='DASE DADOS - DISTANCIA'!E332 -> CAPANEMA | E332: ='DASE DADOS - DISTANCIA'!I332 -> PLUSVAL | F332: 121 | G332: ='DASE DADOS - DISTANCIA'!J332 -> 242 | H332: 420 | I332: =IF(#REF!<17200,DISTÂNCIA3[[#This Row],[KM PARA PAGAMENTO DOS FRETES]]*4.74,((#REF!/17200)*4.74)*DISTÂNCIA3[[#This Row],[KM PARA PAGAMENTO DOS FRETES]]) -> #REF! | J332: =DISTÂNCIA3[[#This Row],[Valor CTE]]/DISTÂNCIA3[[#This Row],[KM PARA PAGAMENTO DOS FRETES]] -> 5.1983471 | K332: =ROUND((F332*4.578)+194.44,2) -> 748.38 | L332: =0.92*DISTÂNCIA3[[#This Row],[KM distancia]]*4.578 -> 509.62296 | M332: =ROUND(((F332*4.578)+194.44)+(0.92*F332*4.578),2) -> 1258
A333: ='DASE DADOS - DISTANCIA'!A333 -> 0 | B333: ='DASE DADOS - DISTANCIA'!B333 -> EUDES JOSE DALLAGNOL | C333: ='DASE DADOS - DISTANCIA'!C333 -> A1 | D333: ='DASE DADOS - DISTANCIA'!E333 -> TOLEDO | E333: ='DASE DADOS - DISTANCIA'!I333 -> PLUMA | F333: 64.5 | G333: ='DASE DADOS - DISTANCIA'!J333 -> 129 | H333: 420 | I333: =IF(#REF!<17200,DISTÂNCIA3[[#This Row],[KM PARA PAGAMENTO DOS FRETES]]*4.74,((#REF!/17200)*4.74)*DISTÂNCIA3[[#This Row],[KM PARA PAGAMENTO DOS FRETES]]) -> #REF! | J333: =DISTÂNCIA3[[#This Row],[Valor CTE]]/DISTÂNCIA3[[#This Row],[KM PARA PAGAMENTO DOS FRETES]] -> 5.9021705 | K333: =ROUND((F333*4.578)+194.44,2) -> 489.72 | L333: =0.92*DISTÂNCIA3[[#This Row],[KM distancia]]*4.578 -> 271.65852 | M333: =ROUND(((F333*4.578)+194.44)+(0.92*F333*4.578),2) -> 761.38
A334: ='DASE DADOS - DISTANCIA'!A334 -> 0 | B334: ='DASE DADOS - DISTANCIA'!B334 -> EUDES JOSE DALLAGNOL | C334: ='DASE DADOS - DISTANCIA'!C334 -> A2 | D334: ='DASE DADOS - DISTANCIA'!E334 -> TOLEDO | E334: ='DASE DADOS - DISTANCIA'!I334 -> PLUMA | F334: 64.5 | G334: ='DASE DADOS - DISTANCIA'!J334 -> 129 | H334: 420 | I334: =IF(#REF!<17200,DISTÂNCIA3[[#This Row],[KM PARA PAGAMENTO DOS FRETES]]*4.74,((#REF!/17200)*4.74)*DISTÂNCIA3[[#This Row],[KM PARA PAGAMENTO DOS FRETES]]) -> #REF! | J334: =DISTÂNCIA3[[#This Row],[Valor CTE]]/DISTÂNCIA3[[#This Row],[KM PARA PAGAMENTO DOS FRETES]] -> 5.9021705 | K334: =ROUND((F334*4.578)+194.44,2) -> 489.72 | L334: =0.92*DISTÂNCIA3[[#This Row],[KM distancia]]*4.578 -> 271.65852 | M334: =ROUND(((F334*4.578)+194.44)+(0.92*F334*4.578),2) -> 761.38
A335: ='DASE DADOS - DISTANCIA'!A335 -> 30346 | B335: ='DASE DADOS - DISTANCIA'!B335 -> GELSON EDERSON GUERRA | C335: ='DASE DADOS - DISTANCIA'!C335 -> A1 | D335: ='DASE DADOS - DISTANCIA'!E335 -> CAPANEMA | E335: ='DASE DADOS - DISTANCIA'!I335 -> PLUSVAL | F335: 105 | G335: ='DASE DADOS - DISTANCIA'!J335 -> 210 | H335: 420 | I335: =IF(#REF!<17200,DISTÂNCIA3[[#This Row],[KM PARA PAGAMENTO DOS FRETES]]*4.74,((#REF!/17200)*4.74)*DISTÂNCIA3[[#This Row],[KM PARA PAGAMENTO DOS FRETES]]) -> #REF! | J335: =DISTÂNCIA3[[#This Row],[Valor CTE]]/DISTÂNCIA3[[#This Row],[KM PARA PAGAMENTO DOS FRETES]] -> 5.3207619 | K335: =ROUND((F335*4.578)+194.44,2) -> 675.13 | L335: =0.92*DISTÂNCIA3[[#This Row],[KM distancia]]*4.578 -> 442.2348 | M335: =ROUND(((F335*4.578)+194.44)+(0.92*F335*4.578),2) -> 1117.36
A336: ='DASE DADOS - DISTANCIA'!A336 -> 30346 | B336: ='DASE DADOS - DISTANCIA'!B336 -> GELSON EDERSON GUERRA | C336: ='DASE DADOS - DISTANCIA'!C336 -> A2 | D336: ='DASE DADOS - DISTANCIA'!E336 -> CAPANEMA | E336: ='DASE DADOS - DISTANCIA'!I336 -> PLUSVAL | F336: 105 | G336: ='DASE DADOS - DISTANCIA'!J336 -> 210 | H336: 420 | I336: =IF(#REF!<17200,DISTÂNCIA3[[#This Row],[KM PARA PAGAMENTO DOS FRETES]]*4.74,((#REF!/17200)*4.74)*DISTÂNCIA3[[#This Row],[KM PARA PAGAMENTO DOS FRETES]]) -> #REF! | J336: =DISTÂNCIA3[[#This Row],[Valor CTE]]/DISTÂNCIA3[[#This Row],[KM PARA PAGAMENTO DOS FRETES]] -> 5.3207619 | K336: =ROUND((F336*4.578)+194.44,2) -> 675.13 | L336: =0.92*DISTÂNCIA3[[#This Row],[KM distancia]]*4.578 -> 442.2348 | M336: =ROUND(((F336*4.578)+194.44)+(0.92*F336*4.578),2) -> 1117.36
A337: ='DASE DADOS - DISTANCIA'!A337 -> 4346017 | B337: ='DASE DADOS - DISTANCIA'!B337 -> GENUIR ANTONIO NODARI | C337: ='DASE DADOS - DISTANCIA'!C337 -> A3 | D337: ='DASE DADOS - DISTANCIA'!E337 -> TOLEDO | E337: ='DASE DADOS - DISTANCIA'!I337 -> PLUMA | F337: 55 | G337: ='DASE DADOS - DISTANCIA'!J337 -> 110 | H337: 420 | I337: =IF(#REF!<17200,DISTÂNCIA3[[#This Row],[KM PARA PAGAMENTO DOS FRETES]]*4.74,((#REF!/17200)*4.74)*DISTÂNCIA3[[#This Row],[KM PARA PAGAMENTO DOS FRETES]]) -> #REF! | J337: =DISTÂNCIA3[[#This Row],[Valor CTE]]/DISTÂNCIA3[[#This Row],[KM PARA PAGAMENTO DOS FRETES]] -> 6.1625455 | K337: =ROUND((F337*4.578)+194.44,2) -> 446.23 | L337: =0.92*DISTÂNCIA3[[#This Row],[KM distancia]]*4.578 -> 231.6468 | M337: =ROUND(((F337*4.578)+194.44)+(0.92*F337*4.578),2) -> 677.88
A338: ='DASE DADOS - DISTANCIA'!A338 -> 4346017 | B338: ='DASE DADOS - DISTANCIA'!B338 -> GENUIR ANTONIO NODARI | C338: ='DASE DADOS - DISTANCIA'!C338 -> A2 | D338: ='DASE DADOS - DISTANCIA'!E338 -> TOLEDO | E338: ='DASE DADOS - DISTANCIA'!I338 -> PLUMA | F338: 55 | G338: ='DASE DADOS - DISTANCIA'!J338 -> 110 | H338: 420 | I338: =IF(#REF!<17200,DISTÂNCIA3[[#This Row],[KM PARA PAGAMENTO DOS FRETES]]*4.74,((#REF!/17200)*4.74)*DISTÂNCIA3[[#This Row],[KM PARA PAGAMENTO DOS FRETES]]) -> #REF! | J338: =DISTÂNCIA3[[#This Row],[Valor CTE]]/DISTÂNCIA3[[#This Row],[KM PARA PAGAMENTO DOS FRETES]] -> 6.1625455 | K338: =ROUND((F338*4.578)+194.44,2) -> 446.23 | L338: =0.92*DISTÂNCIA3[[#This Row],[KM distancia]]*4.578 -> 231.6468 | M338: =ROUND(((F338*4.578)+194.44)+(0.92*F338*4.578),2) -> 677.88
A339: ='DASE DADOS - DISTANCIA'!A339 -> 4346017 | B339: ='DASE DADOS - DISTANCIA'!B339 -> GENUIR ANTONIO NODARI | C339: ='DASE DADOS - DISTANCIA'!C339 -> A1 | D339: ='DASE DADOS - DISTANCIA'!E339 -> TOLEDO | E339: ='DASE DADOS - DISTANCIA'!I339 -> PLUMA | F339: 55 | G339: ='DASE DADOS - DISTANCIA'!J339 -> 110 | H339: 420 | I339: =IF(#REF!<17200,DISTÂNCIA3[[#This Row],[KM PARA PAGAMENTO DOS FRETES]]*4.74,((#REF!/17200)*4.74)*DISTÂNCIA3[[#This Row],[KM PARA PAGAMENTO DOS FRETES]]) -> #REF! | J339: =DISTÂNCIA3[[#This Row],[Valor CTE]]/DISTÂNCIA3[[#This Row],[KM PARA PAGAMENTO DOS FRETES]] -> 6.1625455 | K339: =ROUND((F339*4.578)+194.44,2) -> 446.23 | L339: =0.92*DISTÂNCIA3[[#This Row],[KM distancia]]*4.578 -> 231.6468 | M339: =ROUND(((F339*4.578)+194.44)+(0.92*F339*4.578),2) -> 677.88
A340: ='DASE DADOS - DISTANCIA'!A340 -> 6410146 | B340: ='DASE DADOS - DISTANCIA'!B340 -> GERALDO CARLOS MACHADO | C340: ='DASE DADOS - DISTANCIA'!C340 -> A2 | D340: ='DASE DADOS - DISTANCIA'!E340 -> TOLEDO | E340: ='DASE DADOS - DISTANCIA'!I340 -> PLUMA | F340: 72 | G340: ='DASE DADOS - DISTANCIA'!J340 -> 144 | H340: 420 | I340: =IF(#REF!<17200,DISTÂNCIA3[[#This Row],[KM PARA PAGAMENTO DOS FRETES]]*4.74,((#REF!/17200)*4.74)*DISTÂNCIA3[[#This Row],[KM PARA PAGAMENTO DOS FRETES]]) -> #REF! | J340: =DISTÂNCIA3[[#This Row],[Valor CTE]]/DISTÂNCIA3[[#This Row],[KM PARA PAGAMENTO DOS FRETES]] -> 5.7451389 | K340: =ROUND((F340*4.578)+194.44,2) -> 524.06 | L340: =0.92*DISTÂNCIA3[[#This Row],[KM distancia]]*4.578 -> 303.24672 | M340: =ROUND(((F340*4.578)+194.44)+(0.92*F340*4.578),2) -> 827.3
A341: ='DASE DADOS - DISTANCIA'!A341 -> 6410146 | B341: ='DASE DADOS - DISTANCIA'!B341 -> GERALDO CARLOS MACHADO | C341: ='DASE DADOS - DISTANCIA'!C341 -> A1 | D341: ='DASE DADOS - DISTANCIA'!E341 -> TOLEDO | E341: ='DASE DADOS - DISTANCIA'!I341 -> PLUMA | F341: 72 | G341: ='DASE DADOS - DISTANCIA'!J341 -> 144 | H341: 420 | I341: =IF(#REF!<17200,DISTÂNCIA3[[#This Row],[KM PARA PAGAMENTO DOS FRETES]]*4.74,((#REF!/17200)*4.74)*DISTÂNCIA3[[#This Row],[KM PARA PAGAMENTO DOS FRETES]]) -> #REF! | J341: =DISTÂNCIA3[[#This Row],[Valor CTE]]/DISTÂNCIA3[[#This Row],[KM PARA PAGAMENTO DOS FRETES]] -> 5.7451389 | K341: =ROUND((F341*4.578)+194.44,2) -> 524.06 | L341: =0.92*DISTÂNCIA3[[#This Row],[KM distancia]]*4.578 -> 303.24672 | M341: =ROUND(((F341*4.578)+194.44)+(0.92*F341*4.578),2) -> 827.3
A342: ='DASE DADOS - DISTANCIA'!A342 -> 0 | B342: ='DASE DADOS - DISTANCIA'!B342 -> EVANDRO RODRIGO SILVA | C342: ='DASE DADOS - DISTANCIA'!C342 -> A1 | D342: ='DASE DADOS - DISTANCIA'!E342 -> PLANALTO | E342: ='DASE DADOS - DISTANCIA'!I342 -> PLUSVAL | F342: 121.5 | G342: ='DASE DADOS - DISTANCIA'!J342 -> 243 | H342: 420 | I342: =IF(#REF!<17200,DISTÂNCIA3[[#This Row],[KM PARA PAGAMENTO DOS FRETES]]*4.74,((#REF!/17200)*4.74)*DISTÂNCIA3[[#This Row],[KM PARA PAGAMENTO DOS FRETES]]) -> #REF! | J342: =DISTÂNCIA3[[#This Row],[Valor CTE]]/DISTÂNCIA3[[#This Row],[KM PARA PAGAMENTO DOS FRETES]] -> 5.1950617 | K342: =ROUND((F342*4.578)+194.44,2) -> 750.67 | L342: =0.92*DISTÂNCIA3[[#This Row],[KM distancia]]*4.578 -> 511.72884 | M342: =ROUND(((F342*4.578)+194.44)+(0.92*F342*4.578),2) -> 1262.4
A343: ='DASE DADOS - DISTANCIA'!A343 -> 0 | B343: ='DASE DADOS - DISTANCIA'!B343 -> ADEMIR LUCHT | C343: ='DASE DADOS - DISTANCIA'!C343 -> A1 | D343: ='DASE DADOS - DISTANCIA'!E343 -> TOLEDO | E343: ='DASE DADOS - DISTANCIA'!I343 -> PLUMA | F343: 68.5 | G343: 137 | H343: 420 | I343: =IF(#REF!<17200,DISTÂNCIA3[[#This Row],[KM PARA PAGAMENTO DOS FRETES]]*4.74,((#REF!/17200)*4.74)*DISTÂNCIA3[[#This Row],[KM PARA PAGAMENTO DOS FRETES]]) -> #REF! | J343: =DISTÂNCIA3[[#This Row],[Valor CTE]]/DISTÂNCIA3[[#This Row],[KM PARA PAGAMENTO DOS FRETES]] -> 5.8141606 | K343: =ROUND((F343*4.578)+194.44,2) -> 508.03 | L343: =0.92*DISTÂNCIA3[[#This Row],[KM distancia]]*4.578 -> 288.50556 | M343: =ROUND(((F343*4.578)+194.44)+(0.92*F343*4.578),2) -> 796.54
A344: ='DASE DADOS - DISTANCIA'!A344 -> 5731941 | B344: ='DASE DADOS - DISTANCIA'!B344 -> GILBERTO CARMO PATZOLD | C344: ='DASE DADOS - DISTANCIA'!C344 -> A2 | D344: ='DASE DADOS - DISTANCIA'!E344 -> CASCAVEL | E344: ='DASE DADOS - DISTANCIA'!I344 -> PLUMA | F344: 31 | G344: ='DASE DADOS - DISTANCIA'!J344 -> 62 | H344: 420 | I344: =IF(#REF!<17200,DISTÂNCIA3[[#This Row],[KM PARA PAGAMENTO DOS FRETES]]*4.74,((#REF!/17200)*4.74)*DISTÂNCIA3[[#This Row],[KM PARA PAGAMENTO DOS FRETES]]) -> #REF! | J344: =DISTÂNCIA3[[#This Row],[Valor CTE]]/DISTÂNCIA3[[#This Row],[KM PARA PAGAMENTO DOS FRETES]] -> 7.5309677 | K344: =ROUND((F344*4.578)+194.44,2) -> 336.36 | L344: =0.92*DISTÂNCIA3[[#This Row],[KM distancia]]*4.578 -> 130.56456 | M344: =ROUND(((F344*4.578)+194.44)+(0.92*F344*4.578),2) -> 466.92
A345: ='DASE DADOS - DISTANCIA'!A345 -> 5731941 | B345: ='DASE DADOS - DISTANCIA'!B345 -> GILBERTO CARMO PATZOLD | C345: ='DASE DADOS - DISTANCIA'!C345 -> A7 | D345: ='DASE DADOS - DISTANCIA'!E345 -> CASCAVEL | E345: ='DASE DADOS - DISTANCIA'!I345 -> PLUMA | F345: 31 | G345: ='DASE DADOS - DISTANCIA'!J345 -> 62 | H345: 420 | I345: =IF(#REF!<17200,DISTÂNCIA3[[#This Row],[KM PARA PAGAMENTO DOS FRETES]]*4.74,((#REF!/17200)*4.74)*DISTÂNCIA3[[#This Row],[KM PARA PAGAMENTO DOS FRETES]]) -> #REF! | J345: =DISTÂNCIA3[[#This Row],[Valor CTE]]/DISTÂNCIA3[[#This Row],[KM PARA PAGAMENTO DOS FRETES]] -> 7.5309677 | K345: =ROUND((F345*4.578)+194.44,2) -> 336.36 | L345: =0.92*DISTÂNCIA3[[#This Row],[KM distancia]]*4.578 -> 130.56456 | M345: =ROUND(((F345*4.578)+194.44)+(0.92*F345*4.578),2) -> 466.92
A346: ='DASE DADOS - DISTANCIA'!A346 -> 30061 | B346: ='DASE DADOS - DISTANCIA'!B346 -> HELIO CELSO CHECOSSI | C346: ='DASE DADOS - DISTANCIA'!C346 -> A1 | D346: ='DASE DADOS - DISTANCIA'!E346 -> TRÊS BARRAS DO PARANÁ | E346: ='DASE DADOS - DISTANCIA'!I346 -> PLUSVAL | F346: 111.5 | G346: ='DASE DADOS - DISTANCIA'!J346 -> 223 | H346: 420 | I346: =IF(#REF!<17200,DISTÂNCIA3[[#This Row],[KM PARA PAGAMENTO DOS FRETES]]*4.74,((#REF!/17200)*4.74)*DISTÂNCIA3[[#This Row],[KM PARA PAGAMENTO DOS FRETES]]) -> #REF! | J346: =DISTÂNCIA3[[#This Row],[Valor CTE]]/DISTÂNCIA3[[#This Row],[KM PARA PAGAMENTO DOS FRETES]] -> 5.2668161 | K346: =ROUND((F346*4.578)+194.44,2) -> 704.89 | L346: =0.92*DISTÂNCIA3[[#This Row],[KM distancia]]*4.578 -> 469.61124 | M346: =ROUND(((F346*4.578)+194.44)+(0.92*F346*4.578),2) -> 1174.5
A347: ='DASE DADOS - DISTANCIA'!A347 -> 5731941 | B347: ='DASE DADOS - DISTANCIA'!B347 -> GILBERTO CARMO PATZOLD | C347: ='DASE DADOS - DISTANCIA'!C347 -> A6 | D347: ='DASE DADOS - DISTANCIA'!E347 -> CASCAVEL | E347: ='DASE DADOS - DISTANCIA'!I347 -> PLUMA | F347: 31 | G347: ='DASE DADOS - DISTANCIA'!J347 -> 62 | H347: 420 | I347: =IF(#REF!<17200,DISTÂNCIA3[[#This Row],[KM PARA PAGAMENTO DOS FRETES]]*4.74,((#REF!/17200)*4.74)*DISTÂNCIA3[[#This Row],[KM PARA PAGAMENTO DOS FRETES]]) -> #REF! | J347: =DISTÂNCIA3[[#This Row],[Valor CTE]]/DISTÂNCIA3[[#This Row],[KM PARA PAGAMENTO DOS FRETES]] -> 7.5309677 | K347: =ROUND((F347*4.578)+194.44,2) -> 336.36 | L347: =0.92*DISTÂNCIA3[[#This Row],[KM distancia]]*4.578 -> 130.56456 | M347: =ROUND(((F347*4.578)+194.44)+(0.92*F347*4.578),2) -> 466.92
A348: ='DASE DADOS - DISTANCIA'!A348 -> 30666 | B348: ='DASE DADOS - DISTANCIA'!B348 -> HELMUTH SCHNEIDER | C348: ='DASE DADOS - DISTANCIA'!C348 -> A1 | D348: ='DASE DADOS - DISTANCIA'!E348 -> CAPANEMA | E348: ='DASE DADOS - DISTANCIA'!I348 -> PLUSVAL | F348: 131.5 | G348: ='DASE DADOS - DISTANCIA'!J348 -> 263 | H348: 420 | I348: =IF(#REF!<17200,DISTÂNCIA3[[#This Row],[KM PARA PAGAMENTO DOS FRETES]]*4.74,((#REF!/17200)*4.74)*DISTÂNCIA3[[#This Row],[KM PARA PAGAMENTO DOS FRETES]]) -> #REF! | J348: =DISTÂNCIA3[[#This Row],[Valor CTE]]/DISTÂNCIA3[[#This Row],[KM PARA PAGAMENTO DOS FRETES]] -> 5.1341825 | K348: =ROUND((F348*4.578)+194.44,2) -> 796.45 | L348: =0.92*DISTÂNCIA3[[#This Row],[KM distancia]]*4.578 -> 553.84644 | M348: =ROUND(((F348*4.578)+194.44)+(0.92*F348*4.578),2) -> 1350.29
A349: ='DASE DADOS - DISTANCIA'!A349 -> 5731941 | B349: ='DASE DADOS - DISTANCIA'!B349 -> GILBERTO CARMO PATZOLD | C349: ='DASE DADOS - DISTANCIA'!C349 -> A5 | D349: ='DASE DADOS - DISTANCIA'!E349 -> CASCAVEL | E349: ='DASE DADOS - DISTANCIA'!I349 -> PLUMA | F349: 31 | G349: ='DASE DADOS - DISTANCIA'!J349 -> 62 | H349: 420 | I349: =IF(#REF!<17200,DISTÂNCIA3[[#This Row],[KM PARA PAGAMENTO DOS FRETES]]*4.74,((#REF!/17200)*4.74)*DISTÂNCIA3[[#This Row],[KM PARA PAGAMENTO DOS FRETES]]) -> #REF! | J349: =DISTÂNCIA3[[#This Row],[Valor CTE]]/DISTÂNCIA3[[#This Row],[KM PARA PAGAMENTO DOS FRETES]] -> 7.5309677 | K349: =ROUND((F349*4.578)+194.44,2) -> 336.36 | L349: =0.92*DISTÂNCIA3[[#This Row],[KM distancia]]*4.578 -> 130.56456 | M349: =ROUND(((F349*4.578)+194.44)+(0.92*F349*4.578),2) -> 466.92
A350: ='DASE DADOS - DISTANCIA'!A350 -> 30666 | B350: ='DASE DADOS - DISTANCIA'!B350 -> HELMUTH SCHNEIDER | C350: ='DASE DADOS - DISTANCIA'!C350 -> A2 | D350: ='DASE DADOS - DISTANCIA'!E350 -> CAPANEMA | E350: ='DASE DADOS - DISTANCIA'!I350 -> PLUSVAL | F350: 131.5 | G350: ='DASE DADOS - DISTANCIA'!J350 -> 263 | H350: 420 | I350: =IF(#REF!<17200,DISTÂNCIA3[[#This Row],[KM PARA PAGAMENTO DOS FRETES]]*4.74,((#REF!/17200)*4.74)*DISTÂNCIA3[[#This Row],[KM PARA PAGAMENTO DOS FRETES]]) -> #REF! | J350: =DISTÂNCIA3[[#This Row],[Valor CTE]]/DISTÂNCIA3[[#This Row],[KM PARA PAGAMENTO DOS FRETES]] -> 5.1341825 | K350: =ROUND((F350*4.578)+194.44,2) -> 796.45 | L350: =0.92*DISTÂNCIA3[[#This Row],[KM distancia]]*4.578 -> 553.84644 | M350: =ROUND(((F350*4.578)+194.44)+(0.92*F350*4.578),2) -> 1350.29
A351: ='DASE DADOS - DISTANCIA'!A351 -> 5731941 | B351: ='DASE DADOS - DISTANCIA'!B351 -> GILBERTO CARMO PATZOLD | C351: ='DASE DADOS - DISTANCIA'!C351 -> A4 | D351: ='DASE DADOS - DISTANCIA'!E351 -> CASCAVEL | E351: ='DASE DADOS - DISTANCIA'!I351 -> PLUMA | F351: 31 | G351: ='DASE DADOS - DISTANCIA'!J351 -> 62 | H351: 420 | I351: =IF(#REF!<17200,DISTÂNCIA3[[#This Row],[KM PARA PAGAMENTO DOS FRETES]]*4.74,((#REF!/17200)*4.74)*DISTÂNCIA3[[#This Row],[KM PARA PAGAMENTO DOS FRETES]]) -> #REF! | J351: =DISTÂNCIA3[[#This Row],[Valor CTE]]/DISTÂNCIA3[[#This Row],[KM PARA PAGAMENTO DOS FRETES]] -> 7.5309677 | K351: =ROUND((F351*4.578)+194.44,2) -> 336.36 | L351: =0.92*DISTÂNCIA3[[#This Row],[KM distancia]]*4.578 -> 130.56456 | M351: =ROUND(((F351*4.578)+194.44)+(0.92*F351*4.578),2) -> 466.92
A352: ='DASE DADOS - DISTANCIA'!A352 -> 58421 | B352: ='DASE DADOS - DISTANCIA'!B352 -> IVAN RICARDO LAZZAROTO | C352: ='DASE DADOS - DISTANCIA'!C352 -> A1 | D352: ='DASE DADOS - DISTANCIA'!E352 -> SANTO ANTÔNIO DO SUDOESTE | E352: ='DASE DADOS - DISTANCIA'!I352 -> PLUSVAL | F352: 166.5 | G352: ='DASE DADOS - DISTANCIA'!J352 -> 333 | H352: 420 | I352: =IF(#REF!<17200,DISTÂNCIA3[[#This Row],[KM PARA PAGAMENTO DOS FRETES]]*4.74,((#REF!/17200)*4.74)*DISTÂNCIA3[[#This Row],[KM PARA PAGAMENTO DOS FRETES]]) -> #REF! | J352: =DISTÂNCIA3[[#This Row],[Valor CTE]]/DISTÂNCIA3[[#This Row],[KM PARA PAGAMENTO DOS FRETES]] -> 4.9787988 | K352: =ROUND((F352*4.578)+194.44,2) -> 956.68 | L352: =0.92*DISTÂNCIA3[[#This Row],[KM distancia]]*4.578 -> 701.25804 | M352: =ROUND(((F352*4.578)+194.44)+(0.92*F352*4.578),2) -> 1657.94
A353: ='DASE DADOS - DISTANCIA'!A353 -> 5731941 | B353: ='DASE DADOS - DISTANCIA'!B353 -> GILBERTO CARMO PATZOLD | C353: ='DASE DADOS - DISTANCIA'!C353 -> A1 | D353: ='DASE DADOS - DISTANCIA'!E353 -> CASCAVEL | E353: ='DASE DADOS - DISTANCIA'!I353 -> PLUMA | F353: 31 | G353: ='DASE DADOS - DISTANCIA'!J353 -> 62 | H353: 420 | I353: =IF(#REF!<17200,DISTÂNCIA3[[#This Row],[KM PARA PAGAMENTO DOS FRETES]]*4.74,((#REF!/17200)*4.74)*DISTÂNCIA3[[#This Row],[KM PARA PAGAMENTO DOS FRETES]]) -> #REF! | J353: =DISTÂNCIA3[[#This Row],[Valor CTE]]/DISTÂNCIA3[[#This Row],[KM PARA PAGAMENTO DOS FRETES]] -> 7.5309677 | K353: =ROUND((F353*4.578)+194.44,2) -> 336.36 | L353: =0.92*DISTÂNCIA3[[#This Row],[KM distancia]]*4.578 -> 130.56456 | M353: =ROUND(((F353*4.578)+194.44)+(0.92*F353*4.578),2) -> 466.92
A354: ='DASE DADOS - DISTANCIA'!A354 -> 44341 | B354: ='DASE DADOS - DISTANCIA'!B354 -> JOAO ROBERTO GASPARELO | C354: ='DASE DADOS - DISTANCIA'!C354 -> A1 | D354: ='DASE DADOS - DISTANCIA'!E354 -> BOA VISTA DA APARECIDA | E354: ='DASE DADOS - DISTANCIA'!I354 -> PLUSVAL | F354: 69.5 | G354: ='DASE DADOS - DISTANCIA'!J354 -> 139 | H354: 420 | I354: =IF(#REF!<17200,DISTÂNCIA3[[#This Row],[KM PARA PAGAMENTO DOS FRETES]]*4.74,((#REF!/17200)*4.74)*DISTÂNCIA3[[#This Row],[KM PARA PAGAMENTO DOS FRETES]]) -> #REF! | J354: =DISTÂNCIA3[[#This Row],[Valor CTE]]/DISTÂNCIA3[[#This Row],[KM PARA PAGAMENTO DOS FRETES]] -> 5.793741 | K354: =ROUND((F354*4.578)+194.44,2) -> 512.61 | L354: =0.92*DISTÂNCIA3[[#This Row],[KM distancia]]*4.578 -> 292.71732 | M354: =ROUND(((F354*4.578)+194.44)+(0.92*F354*4.578),2) -> 805.33
A355: ='DASE DADOS - DISTANCIA'!A355 -> 5731941 | B355: ='DASE DADOS - DISTANCIA'!B355 -> GILBERTO CARMO PATZOLD | C355: ='DASE DADOS - DISTANCIA'!C355 -> A3 | D355: ='DASE DADOS - DISTANCIA'!E355 -> CASCAVEL | E355: ='DASE DADOS - DISTANCIA'!I355 -> PLUMA | F355: 31 | G355: ='DASE DADOS - DISTANCIA'!J355 -> 62 | H355: 420 | I355: =IF(#REF!<17200,DISTÂNCIA3[[#This Row],[KM PARA PAGAMENTO DOS FRETES]]*4.74,((#REF!/17200)*4.74)*DISTÂNCIA3[[#This Row],[KM PARA PAGAMENTO DOS FRETES]]) -> #REF! | J355: =DISTÂNCIA3[[#This Row],[Valor CTE]]/DISTÂNCIA3[[#This Row],[KM PARA PAGAMENTO DOS FRETES]] -> 7.5309677 | K355: =ROUND((F355*4.578)+194.44,2) -> 336.36 | L355: =0.92*DISTÂNCIA3[[#This Row],[KM distancia]]*4.578 -> 130.56456 | M355: =ROUND(((F355*4.578)+194.44)+(0.92*F355*4.578),2) -> 466.92
... A497: ='DASE DADOS - DISTANCIA'!A497 -> 6215394 | B497: ='DASE DADOS - DISTANCIA'!B497 -> NADINE CAETANO DO CARMO BACH | C497: ='DASE DADOS - DISTANCIA'!C497 -> A2 | D497: ='DASE DADOS - DISTANCIA'!E497 -> QUATRO PONTES | E497: ='DASE DADOS - DISTANCIA'!I497 -> PLUMA | F497: 89 | G497: ='DASE DADOS - DISTANCIA'!J497 -> 178 | H497: 420 | I497: =IF(#REF!<17200,DISTÂNCIA3[[#This Row],[KM PARA PAGAMENTO DOS FRETES]]*4.74,((#REF!/17200)*4.74)*DISTÂNCIA3[[#This Row],[KM PARA PAGAMENTO DOS FRETES]]) -> #REF! | J497: =DISTÂNCIA3[[#This Row],[Valor CTE]]/DISTÂNCIA3[[#This Row],[KM PARA PAGAMENTO DOS FRETES]] -> 5.4872472 | K497: =ROUND((F497*4.578)+194.44,2) -> 601.88 | L497: =0.92*DISTÂNCIA3[[#This Row],[KM distancia]]*4.578 -> 374.84664 | M497: =ROUND(((F497*4.578)+194.44)+(0.92*F497*4.578),2) -> 976.73
A498: ='DASE DADOS - DISTANCIA'!A498 -> 0 | B498: ='DASE DADOS - DISTANCIA'!B498 -> SERGIO ANTONINHO SPEZZIA | C498: ='DASE DADOS - DISTANCIA'!C498 -> A1 | D498: ='DASE DADOS - DISTANCIA'!E498 -> BARRACÃO | E498: ='DASE DADOS - DISTANCIA'!I498 -> PLUSVAL | F498: 193 | G498: 386 | H498: 420 | I498: =IF(#REF!<17200,DISTÂNCIA3[[#This Row],[KM PARA PAGAMENTO DOS FRETES]]*4.74,((#REF!/17200)*4.74)*DISTÂNCIA3[[#This Row],[KM PARA PAGAMENTO DOS FRETES]]) -> #REF! | J498: =DISTÂNCIA3[[#This Row],[Valor CTE]]/DISTÂNCIA3[[#This Row],[KM PARA PAGAMENTO DOS FRETES]] -> 4.898601 | K498: =ROUND((F498*4.578)+194.44,2) -> 1077.99 | L498: =0.92*DISTÂNCIA3[[#This Row],[KM distancia]]*4.578 -> 812.86968 | M498: =ROUND(((F498*4.578)+194.44)+(0.92*F498*4.578),2) -> 1890.86
A499: ='DASE DADOS - DISTANCIA'!A499 -> 0 | B499: ='DASE DADOS - DISTANCIA'!B499 -> SERGIO ANTONINHO SPEZZIA | C499: ='DASE DADOS - DISTANCIA'!C499 -> A2 | D499: ='DASE DADOS - DISTANCIA'!E499 -> BARRACÃO | E499: ='DASE DADOS - DISTANCIA'!I499 -> PLUSVAL | F499: 193 | G499: 386 | H499: 420 | I499: =IF(#REF!<17200,DISTÂNCIA3[[#This Row],[KM PARA PAGAMENTO DOS FRETES]]*4.74,((#REF!/17200)*4.74)*DISTÂNCIA3[[#This Row],[KM PARA PAGAMENTO DOS FRETES]]) -> #REF! | J499: =DISTÂNCIA3[[#This Row],[Valor CTE]]/DISTÂNCIA3[[#This Row],[KM PARA PAGAMENTO DOS FRETES]] -> 4.898601 | K499: =ROUND((F499*4.578)+194.44,2) -> 1077.99 | L499: =0.92*DISTÂNCIA3[[#This Row],[KM distancia]]*4.578 -> 812.86968 | M499: =ROUND(((F499*4.578)+194.44)+(0.92*F499*4.578),2) -> 1890.86
A500: ='DASE DADOS - DISTANCIA'!A500 -> 6159508 | B500: ='DASE DADOS - DISTANCIA'!B500 -> NATHALIA BASDAO RODRIGUES DA SILVA | C500: ='DASE DADOS - DISTANCIA'!C500 -> A2 | D500: ='DASE DADOS - DISTANCIA'!E500 -> CASCAVEL | E500: ='DASE DADOS - DISTANCIA'!I500 -> PLUMA | F500: 22 | G500: ='DASE DADOS - DISTANCIA'!J500 -> 44 | H500: 420 | I500: =IF(#REF!<17200,DISTÂNCIA3[[#This Row],[KM PARA PAGAMENTO DOS FRETES]]*4.74,((#REF!/17200)*4.74)*DISTÂNCIA3[[#This Row],[KM PARA PAGAMENTO DOS FRETES]]) -> #REF! | J500: =DISTÂNCIA3[[#This Row],[Valor CTE]]/DISTÂNCIA3[[#This Row],[KM PARA PAGAMENTO DOS FRETES]] -> 8.8138636 | K500: =ROUND((F500*4.578)+194.44,2) -> 295.16 | L500: =0.92*DISTÂNCIA3[[#This Row],[KM distancia]]*4.578 -> 92.65872 | M500: =ROUND(((F500*4.578)+194.44)+(0.92*F500*4.578),2) -> 387.81
A501: ='DASE DADOS - DISTANCIA'!A501 -> 6159508 | B501: ='DASE DADOS - DISTANCIA'!B501 -> NATHALIA BASDAO RODRIGUES DA SILVA | C501: ='DASE DADOS - DISTANCIA'!C501 -> A1 | D501: ='DASE DADOS - DISTANCIA'!E501 -> CASCAVEL | E501: ='DASE DADOS - DISTANCIA'!I501 -> PLUMA | F501: 22 | G501: ='DASE DADOS - DISTANCIA'!J501 -> 44 | H501: 420 | I501: =IF(#REF!<17200,DISTÂNCIA3[[#This Row],[KM PARA PAGAMENTO DOS FRETES]]*4.74,((#REF!/17200)*4.74)*DISTÂNCIA3[[#This Row],[KM PARA PAGAMENTO DOS FRETES]]) -> #REF! | J501: =DISTÂNCIA3[[#This Row],[Valor CTE]]/DISTÂNCIA3[[#This Row],[KM PARA PAGAMENTO DOS FRETES]] -> 8.8138636 | K501: =ROUND((F501*4.578)+194.44,2) -> 295.16 | L501: =0.92*DISTÂNCIA3[[#This Row],[KM distancia]]*4.578 -> 92.65872 | M501: =ROUND(((F501*4.578)+194.44)+(0.92*F501*4.578),2) -> 387.81
A502: ='DASE DADOS - DISTANCIA'!A502 -> 463442 | B502: ='DASE DADOS - DISTANCIA'!B502 -> NEIVA RAUBER SEIBERT | C502: ='DASE DADOS - DISTANCIA'!C502 -> A1 | D502: ='DASE DADOS - DISTANCIA'!E502 -> TOLEDO | E502: ='DASE DADOS - DISTANCIA'!I502 -> PLUMA | F502: 69 | G502: ='DASE DADOS - DISTANCIA'!J502 -> 138 | H502: 420 | I502: =IF(#REF!<17200,DISTÂNCIA3[[#This Row],[KM PARA PAGAMENTO DOS FRETES]]*4.74,((#REF!/17200)*4.74)*DISTÂNCIA3[[#This Row],[KM PARA PAGAMENTO DOS FRETES]]) -> #REF! | J502: =DISTÂNCIA3[[#This Row],[Valor CTE]]/DISTÂNCIA3[[#This Row],[KM PARA PAGAMENTO DOS FRETES]] -> 5.8038406 | K502: =ROUND((F502*4.578)+194.44,2) -> 510.32 | L502: =0.92*DISTÂNCIA3[[#This Row],[KM distancia]]*4.578 -> 290.61144 | M502: =ROUND(((F502*4.578)+194.44)+(0.92*F502*4.578),2) -> 800.93
A503: ='DASE DADOS - DISTANCIA'!A503 -> 5160022 | B503: ='DASE DADOS - DISTANCIA'!B503 -> NELCIR PASCUALINO DESORDI | C503: ='DASE DADOS - DISTANCIA'!C503 -> A2 | D503: ='DASE DADOS - DISTANCIA'!E503 -> TOLEDO | E503: ='DASE DADOS - DISTANCIA'!I503 -> PLUMA | F503: 64 | G503: ='DASE DADOS - DISTANCIA'!J503 -> 128 | H503: 420 | I503: =IF(#REF!<17200,DISTÂNCIA3[[#This Row],[KM PARA PAGAMENTO DOS FRETES]]*4.74,((#REF!/17200)*4.74)*DISTÂNCIA3[[#This Row],[KM PARA PAGAMENTO DOS FRETES]]) -> #REF! | J503: =DISTÂNCIA3[[#This Row],[Valor CTE]]/DISTÂNCIA3[[#This Row],[KM PARA PAGAMENTO DOS FRETES]] -> 5.9139063 | K503: =ROUND((F503*4.578)+194.44,2) -> 487.43 | L503: =0.92*DISTÂNCIA3[[#This Row],[KM distancia]]*4.578 -> 269.55264 | M503: =ROUND(((F503*4.578)+194.44)+(0.92*F503*4.578),2) -> 756.98
A504: ='DASE DADOS - DISTANCIA'!A504 -> 5160022 | B504: ='DASE DADOS - DISTANCIA'!B504 -> NELCIR PASCUALINO DESORDI | C504: ='DASE DADOS - DISTANCIA'!C504 -> A1 | D504: ='DASE DADOS - DISTANCIA'!E504 -> TOLEDO | E504: ='DASE DADOS - DISTANCIA'!I504 -> PLUMA | F504: 64 | G504: ='DASE DADOS - DISTANCIA'!J504 -> 128 | H504: 420 | I504: =IF(#REF!<17200,DISTÂNCIA3[[#This Row],[KM PARA PAGAMENTO DOS FRETES]]*4.74,((#REF!/17200)*4.74)*DISTÂNCIA3[[#This Row],[KM PARA PAGAMENTO DOS FRETES]]) -> #REF! | J504: =DISTÂNCIA3[[#This Row],[Valor CTE]]/DISTÂNCIA3[[#This Row],[KM PARA PAGAMENTO DOS FRETES]] -> 5.9139063 | K504: =ROUND((F504*4.578)+194.44,2) -> 487.43 | L504: =0.92*DISTÂNCIA3[[#This Row],[KM distancia]]*4.578 -> 269.55264 | M504: =ROUND(((F504*4.578)+194.44)+(0.92*F504*4.578),2) -> 756.98
A505: ='DASE DADOS - DISTANCIA'!A505 -> 5369797 | B505: ='DASE DADOS - DISTANCIA'!B505 -> NELSON DREY | C505: ='DASE DADOS - DISTANCIA'!C505 -> A1 | D505: ='DASE DADOS - DISTANCIA'!E505 -> CORBELIA | E505: ='DASE DADOS - DISTANCIA'!I505 -> PLUMA | F505: 38 | G505: ='DASE DADOS - DISTANCIA'!J505 -> 76 | H505: 420 | I505: =IF(#REF!<17200,DISTÂNCIA3[[#This Row],[KM PARA PAGAMENTO DOS FRETES]]*4.74,((#REF!/17200)*4.74)*DISTÂNCIA3[[#This Row],[KM PARA PAGAMENTO DOS FRETES]]) -> #REF! | J505: =DISTÂNCIA3[[#This Row],[Valor CTE]]/DISTÂNCIA3[[#This Row],[KM PARA PAGAMENTO DOS FRETES]] -> 6.9532895 | K505: =ROUND((F505*4.578)+194.44,2) -> 368.4 | L505: =0.92*DISTÂNCIA3[[#This Row],[KM distancia]]*4.578 -> 160.04688 | M505: =ROUND(((F505*4.578)+194.44)+(0.92*F505*4.578),2) -> 528.45
A506: ='DASE DADOS - DISTANCIA'!A506 -> 485039 | B506: ='DASE DADOS - DISTANCIA'!B506 -> NELSON SIMIONI | C506: ='DASE DADOS - DISTANCIA'!C506 -> A1 | D506: ='DASE DADOS - DISTANCIA'!E506 -> TOLEDO | E506: ='DASE DADOS - DISTANCIA'!I506 -> PLUMA | F506: 76 | G506: ='DASE DADOS - DISTANCIA'!J506 -> 152 | H506: 420 | I506: =IF(#REF!<17200,DISTÂNCIA3[[#This Row],[KM PARA PAGAMENTO DOS FRETES]]*4.74,((#REF!/17200)*4.74)*DISTÂNCIA3[[#This Row],[KM PARA PAGAMENTO DOS FRETES]]) -> #REF! | J506: =DISTÂNCIA3[[#This Row],[Valor CTE]]/DISTÂNCIA3[[#This Row],[KM PARA PAGAMENTO DOS FRETES]] -> 5.6740789 | K506: =ROUND((F506*4.578)+194.44,2) -> 542.37 | L506: =0.92*DISTÂNCIA3[[#This Row],[KM distancia]]*4.578 -> 320.09376 | M506: =ROUND(((F506*4.578)+194.44)+(0.92*F506*4.578),2) -> 862.46
A507: ='DASE DADOS - DISTANCIA'!A507 -> 485039 | B507: ='DASE DADOS - DISTANCIA'!B507 -> NELSON SIMIONI | C507: ='DASE DADOS - DISTANCIA'!C507 -> A2 | D507: ='DASE DADOS - DISTANCIA'!E507 -> TOLEDO | E507: ='DASE DADOS - DISTANCIA'!I507 -> PLUMA | F507: 76 | G507: ='DASE DADOS - DISTANCIA'!J507 -> 152 | H507: 420 | I507: =IF(#REF!<17200,DISTÂNCIA3[[#This Row],[KM PARA PAGAMENTO DOS FRETES]]*4.74,((#REF!/17200)*4.74)*DISTÂNCIA3[[#This Row],[KM PARA PAGAMENTO DOS FRETES]]) -> #REF! | J507: =DISTÂNCIA3[[#This Row],[Valor CTE]]/DISTÂNCIA3[[#This Row],[KM PARA PAGAMENTO DOS FRETES]] -> 5.6740789 | K507: =ROUND((F507*4.578)+194.44,2) -> 542.37 | L507: =0.92*DISTÂNCIA3[[#This Row],[KM distancia]]*4.578 -> 320.09376 | M507: =ROUND(((F507*4.578)+194.44)+(0.92*F507*4.578),2) -> 862.46
A508: ='DASE DADOS - DISTANCIA'!A508 -> 2342316 | B508: ='DASE DADOS - DISTANCIA'!B508 -> NERIO LUIS CONRAT | C508: ='DASE DADOS - DISTANCIA'!C508 -> A1 | D508: ='DASE DADOS - DISTANCIA'!E508 -> TOLEDO | E508: ='DASE DADOS - DISTANCIA'!I508 -> PLUMA | F508: 70 | G508: ='DASE DADOS - DISTANCIA'!J508 -> 140 | H508: 420 | I508: =IF(#REF!<17200,DISTÂNCIA3[[#This Row],[KM PARA PAGAMENTO DOS FRETES]]*4.74,((#REF!/17200)*4.74)*DISTÂNCIA3[[#This Row],[KM PARA PAGAMENTO DOS FRETES]]) -> #REF! | J508: =DISTÂNCIA3[[#This Row],[Valor CTE]]/DISTÂNCIA3[[#This Row],[KM PARA PAGAMENTO DOS FRETES]] -> 5.7837143 | K508: =ROUND((F508*4.578)+194.44,2) -> 514.9 | L508: =0.92*DISTÂNCIA3[[#This Row],[KM distancia]]*4.578 -> 294.8232 | M508: =ROUND(((F508*4.578)+194.44)+(0.92*F508*4.578),2) -> 809.72
A509: ='DASE DADOS - DISTANCIA'!A509 -> 2342316 | B509: ='DASE DADOS - DISTANCIA'!B509 -> NERIO LUIS CONRAT | C509: ='DASE DADOS - DISTANCIA'!C509 -> A2 | D509: ='DASE DADOS - DISTANCIA'!E509 -> TOLEDO | E509: ='DASE DADOS - DISTANCIA'!I509 -> PLUMA | F509: 70 | G509: ='DASE DADOS - DISTANCIA'!J509 -> 140 | H509: 420 | I509: =IF(#REF!<17200,DISTÂNCIA3[[#This Row],[KM PARA PAGAMENTO DOS FRETES]]*4.74,((#REF!/17200)*4.74)*DISTÂNCIA3[[#This Row],[KM PARA PAGAMENTO DOS FRETES]]) -> #REF! | J509: =DISTÂNCIA3[[#This Row],[Valor CTE]]/DISTÂNCIA3[[#This Row],[KM PARA PAGAMENTO DOS FRETES]] -> 5.7837143 | K509: =ROUND((F509*4.578)+194.44,2) -> 514.9 | L509: =0.92*DISTÂNCIA3[[#This Row],[KM distancia]]*4.578 -> 294.8232 | M509: =ROUND(((F509*4.578)+194.44)+(0.92*F509*4.578),2) -> 809.72
A510: ='DASE DADOS - DISTANCIA'!A510 -> 2342316 | B510: ='DASE DADOS - DISTANCIA'!B510 -> NERIO LUIS CONRAT | C510: ='DASE DADOS - DISTANCIA'!C510 -> A3 | D510: ='DASE DADOS - DISTANCIA'!E510 -> TOLEDO | E510: ='DASE DADOS - DISTANCIA'!I510 -> PLUMA | F510: 70 | G510: ='DASE DADOS - DISTANCIA'!J510 -> 140 | H510: 420 | I510: =IF(#REF!<17200,DISTÂNCIA3[[#This Row],[KM PARA PAGAMENTO DOS FRETES]]*4.74,((#REF!/17200)*4.74)*DISTÂNCIA3[[#This Row],[KM PARA PAGAMENTO DOS FRETES]]) -> #REF! | J510: =DISTÂNCIA3[[#This Row],[Valor CTE]]/DISTÂNCIA3[[#This Row],[KM PARA PAGAMENTO DOS FRETES]] -> 5.7837143 | K510: =ROUND((F510*4.578)+194.44,2) -> 514.9 | L510: =0.92*DISTÂNCIA3[[#This Row],[KM distancia]]*4.578 -> 294.8232 | M510: =ROUND(((F510*4.578)+194.44)+(0.92*F510*4.578),2) -> 809.72
A511: ='DASE DADOS - DISTANCIA'!A511 -> 2342316 | B511: ='DASE DADOS - DISTANCIA'!B511 -> NERIO LUIS CONRAT | C511: ='DASE DADOS - DISTANCIA'!C511 -> A4 | D511: ='DASE DADOS - DISTANCIA'!E511 -> TOLEDO | E511: ='DASE DADOS - DISTANCIA'!I511 -> PLUMA | F511: 70 | G511: ='DASE DADOS - DISTANCIA'!J511 -> 140 | H511: 420 | I511: =IF(#REF!<17200,DISTÂNCIA3[[#This Row],[KM PARA PAGAMENTO DOS FRETES]]*4.74,((#REF!/17200)*4.74)*DISTÂNCIA3[[#This Row],[KM PARA PAGAMENTO DOS FRETES]]) -> #REF! | J511: =DISTÂNCIA3[[#This Row],[Valor CTE]]/DISTÂNCIA3[[#This Row],[KM PARA PAGAMENTO DOS FRETES]] -> 5.7837143 | K511: =ROUND((F511*4.578)+194.44,2) -> 514.9 | L511: =0.92*DISTÂNCIA3[[#This Row],[KM distancia]]*4.578 -> 294.8232 | M511: =ROUND(((F511*4.578)+194.44)+(0.92*F511*4.578),2) -> 809.72
... A523: ='DASE DADOS - DISTANCIA'!A523 -> 0 | B523: ='DASE DADOS - DISTANCIA'!B523 -> MARCELO AUGUSTO GIBBERT | C523: ='DASE DADOS - DISTANCIA'!C523 -> A2 | D523: ='DASE DADOS - DISTANCIA'!E523 -> TOLEDO | E523: ='DASE DADOS - DISTANCIA'!I523 -> PLUMA | F523: 74 | G523: ='DASE DADOS - DISTANCIA'!J523 -> 148 | H523: 420 | I523: =IF(#REF!<17200,DISTÂNCIA3[[#This Row],[KM PARA PAGAMENTO DOS FRETES]]*4.74,((#REF!/17200)*4.74)*DISTÂNCIA3[[#This Row],[KM PARA PAGAMENTO DOS FRETES]]) -> #REF! | J523: =DISTÂNCIA3[[#This Row],[Valor CTE]]/DISTÂNCIA3[[#This Row],[KM PARA PAGAMENTO DOS FRETES]] -> 5.7086486 | K523: =ROUND((F523*4.578)+194.44,2) -> 533.21 | L523: =0.92*DISTÂNCIA3[[#This Row],[KM distancia]]*4.578 -> 311.67024 | M523: =ROUND(((F523*4.578)+194.44)+(0.92*F523*4.578),2) -> 844.88
A524: ='DASE DADOS - DISTANCIA'!A524 -> 0 | B524: ='DASE DADOS - DISTANCIA'!B524 -> MARCELINO PEDROSO | C524: ='DASE DADOS - DISTANCIA'!C524 -> A1 | D524: ='DASE DADOS - DISTANCIA'!E524 -> PLANALTO | E524: ='DASE DADOS - DISTANCIA'!I524 -> PLUSVAL | F524: 140 | G524: 280 | H524: 420 | I524: =IF(#REF!<17200,DISTÂNCIA3[[#This Row],[KM PARA PAGAMENTO DOS FRETES]]*4.74,((#REF!/17200)*4.74)*DISTÂNCIA3[[#This Row],[KM PARA PAGAMENTO DOS FRETES]]) -> #REF! | J524: =DISTÂNCIA3[[#This Row],[Valor CTE]]/DISTÂNCIA3[[#This Row],[KM PARA PAGAMENTO DOS FRETES]] -> 5.0893214 | K524: =ROUND((F524*4.578)+194.44,2) -> 835.36 | L524: =0.92*DISTÂNCIA3[[#This Row],[KM distancia]]*4.578 -> 589.6464 | M524: =ROUND(((F524*4.578)+194.44)+(0.92*F524*4.578),2) -> 1425.01
A525: ='DASE DADOS - DISTANCIA'!A525 -> 0 | B525: ='DASE DADOS - DISTANCIA'!B525 -> MARCELO AUGUSTO GIBBERT | C525: ='DASE DADOS - DISTANCIA'!C525 -> A3 | D525: ='DASE DADOS - DISTANCIA'!E525 -> TOLEDO | E525: ='DASE DADOS - DISTANCIA'!I525 -> PLUMA | F525: 74 | G525: ='DASE DADOS - DISTANCIA'!J525 -> 148 | H525: 420 | I525: =IF(#REF!<17200,DISTÂNCIA3[[#This Row],[KM PARA PAGAMENTO DOS FRETES]]*4.74,((#REF!/17200)*4.74)*DISTÂNCIA3[[#This Row],[KM PARA PAGAMENTO DOS FRETES]]) -> #REF! | J525: =DISTÂNCIA3[[#This Row],[Valor CTE]]/DISTÂNCIA3[[#This Row],[KM PARA PAGAMENTO DOS FRETES]] -> 5.7086486 | K525: =ROUND((F525*4.578)+194.44,2) -> 533.21 | L525: =0.92*DISTÂNCIA3[[#This Row],[KM distancia]]*4.578 -> 311.67024 | M525: =ROUND(((F525*4.578)+194.44)+(0.92*F525*4.578),2) -> 844.88
A526: ='DASE DADOS - DISTANCIA'!A526 -> 6422306 | B526: ='DASE DADOS - DISTANCIA'!B526 -> NILSON APARECIDO DA SILVA | C526: ='DASE DADOS - DISTANCIA'!C526 -> A1 | D526: ='DASE DADOS - DISTANCIA'!E526 -> VERA CRUZ DO OESTE | E526: ='DASE DADOS - DISTANCIA'!I526 -> PLUMA | F526: 51 | G526: ='DASE DADOS - DISTANCIA'!J526 -> 102 | H526: 420 | I526: =IF(#REF!<17200,DISTÂNCIA3[[#This Row],[KM PARA PAGAMENTO DOS FRETES]]*4.74,((#REF!/17200)*4.74)*DISTÂNCIA3[[#This Row],[KM PARA PAGAMENTO DOS FRETES]]) -> #REF! | J526: =DISTÂNCIA3[[#This Row],[Valor CTE]]/DISTÂNCIA3[[#This Row],[KM PARA PAGAMENTO DOS FRETES]] -> 6.3011765 | K526: =ROUND((F526*4.578)+194.44,2) -> 427.92 | L526: =0.92*DISTÂNCIA3[[#This Row],[KM distancia]]*4.578 -> 214.79976 | M526: =ROUND(((F526*4.578)+194.44)+(0.92*F526*4.578),2) -> 642.72
A527: ='DASE DADOS - DISTANCIA'!A527 -> 0 | B527: ='DASE DADOS - DISTANCIA'!B527 -> MARCELO AUGUSTO GIBBERT | C527: ='DASE DADOS - DISTANCIA'!C527 -> A4 | D527: ='DASE DADOS - DISTANCIA'!E527 -> TOLEDO | E527: ='DASE DADOS - DISTANCIA'!I527 -> PLUMA | F527: 74 | G527: ='DASE DADOS - DISTANCIA'!J527 -> 148 | H527: 420 | I527: =IF(#REF!<17200,DISTÂNCIA3[[#This Row],[KM PARA PAGAMENTO DOS FRETES]]*4.74,((#REF!/17200)*4.74)*DISTÂNCIA3[[#This Row],[KM PARA PAGAMENTO DOS FRETES]]) -> #REF! | J527: =DISTÂNCIA3[[#This Row],[Valor CTE]]/DISTÂNCIA3[[#This Row],[KM PARA PAGAMENTO DOS FRETES]] -> 5.7086486 | K527: =ROUND((F527*4.578)+194.44,2) -> 533.21 | L527: =0.92*DISTÂNCIA3[[#This Row],[KM distancia]]*4.578 -> 311.67024 | M527: =ROUND(((F527*4.578)+194.44)+(0.92*F527*4.578),2) -> 844.88
A528: ='DASE DADOS - DISTANCIA'!A528 -> 6422306 | B528: ='DASE DADOS - DISTANCIA'!B528 -> NILSON APARECIDO DA SILVA | C528: ='DASE DADOS - DISTANCIA'!C528 -> A2 | D528: ='DASE DADOS - DISTANCIA'!E528 -> VERA CRUZ DO OESTE | E528: ='DASE DADOS - DISTANCIA'!I528 -> PLUMA | F528: 51 | G528: ='DASE DADOS - DISTANCIA'!J528 -> 102 | H528: 420 | I528: =IF(#REF!<17200,DISTÂNCIA3[[#This Row],[KM PARA PAGAMENTO DOS FRETES]]*4.74,((#REF!/17200)*4.74)*DISTÂNCIA3[[#This Row],[KM PARA PAGAMENTO DOS FRETES]]) -> #REF! | J528: =DISTÂNCIA3[[#This Row],[Valor CTE]]/DISTÂNCIA3[[#This Row],[KM PARA PAGAMENTO DOS FRETES]] -> 6.3011765 | K528: =ROUND((F528*4.578)+194.44,2) -> 427.92 | L528: =0.92*DISTÂNCIA3[[#This Row],[KM distancia]]*4.578 -> 214.79976 | M528: =ROUND(((F528*4.578)+194.44)+(0.92*F528*4.578),2) -> 642.72
A529: ='DASE DADOS - DISTANCIA'!A529 -> 0 | B529: ='DASE DADOS - DISTANCIA'!B529 -> MAYARA CRISTINA DE S. RIBEIRO | C529: ='DASE DADOS - DISTANCIA'!C529 -> A3 | D529: ='DASE DADOS - DISTANCIA'!E529 -> TUPASSI | E529: ='DASE DADOS - DISTANCIA'!I529 -> PLUMA | F529: 58 | G529: ='DASE DADOS - DISTANCIA'!J529 -> 116 | H529: 420 | I529: =IF(#REF!<17200,DISTÂNCIA3[[#This Row],[KM PARA PAGAMENTO DOS FRETES]]*4.74,((#REF!/17200)*4.74)*DISTÂNCIA3[[#This Row],[KM PARA PAGAMENTO DOS FRETES]]) -> #REF! | J529: =DISTÂNCIA3[[#This Row],[Valor CTE]]/DISTÂNCIA3[[#This Row],[KM PARA PAGAMENTO DOS FRETES]] -> 6.0711207 | K529: =ROUND((F529*4.578)+194.44,2) -> 459.96 | L529: =0.92*DISTÂNCIA3[[#This Row],[KM distancia]]*4.578 -> 244.28208 | M529: =ROUND(((F529*4.578)+194.44)+(0.92*F529*4.578),2) -> 704.25
A530: ='DASE DADOS - DISTANCIA'!A530 -> 0 | B530: ='DASE DADOS - DISTANCIA'!B530 -> MAYARA CRISTINA DE S. RIBEIRO | C530: ='DASE DADOS - DISTANCIA'!C530 -> A4 | D530: ='DASE DADOS - DISTANCIA'!E530 -> TUPASSI | E530: ='DASE DADOS - DISTANCIA'!I530 -> PLUMA | F530: 58 | G530: ='DASE DADOS - DISTANCIA'!J530 -> 116 | H530: 420 | I530: =IF(#REF!<17200,DISTÂNCIA3[[#This Row],[KM PARA PAGAMENTO DOS FRETES]]*4.74,((#REF!/17200)*4.74)*DISTÂNCIA3[[#This Row],[KM PARA PAGAMENTO DOS FRETES]]) -> #REF! | J530: =DISTÂNCIA3[[#This Row],[Valor CTE]]/DISTÂNCIA3[[#This Row],[KM PARA PAGAMENTO DOS FRETES]] -> 6.0711207 | K530: =ROUND((F530*4.578)+194.44,2) -> 459.96 | L530: =0.92*DISTÂNCIA3[[#This Row],[KM distancia]]*4.578 -> 244.28208 | M530: =ROUND(((F530*4.578)+194.44)+(0.92*F530*4.578),2) -> 704.25
A531: ='DASE DADOS - DISTANCIA'!A531 -> 0 | B531: ='DASE DADOS - DISTANCIA'!B531 -> MEIRI PRISCILA RUPPENTHAL | C531: ='DASE DADOS - DISTANCIA'!C531 -> A2 | D531: ='DASE DADOS - DISTANCIA'!E531 -> MARECHAL CANDIDO RONDON | E531: ='DASE DADOS - DISTANCIA'!I531 -> PLUMA | F531: 105 | G531: ='DASE DADOS - DISTANCIA'!J531 -> 210 | H531: 420 | I531: =IF(#REF!<17200,DISTÂNCIA3[[#This Row],[KM PARA PAGAMENTO DOS FRETES]]*4.74,((#REF!/17200)*4.74)*DISTÂNCIA3[[#This Row],[KM PARA PAGAMENTO DOS FRETES]]) -> #REF! | J531: =DISTÂNCIA3[[#This Row],[Valor CTE]]/DISTÂNCIA3[[#This Row],[KM PARA PAGAMENTO DOS FRETES]] -> 5.3207619 | K531: =ROUND((F531*4.578)+194.44,2) -> 675.13 | L531: =0.92*DISTÂNCIA3[[#This Row],[KM distancia]]*4.578 -> 442.2348 | M531: =ROUND(((F531*4.578)+194.44)+(0.92*F531*4.578),2) -> 1117.36
A532: ='DASE DADOS - DISTANCIA'!A532 -> 69620 | B532: ='DASE DADOS - DISTANCIA'!B532 -> MARCIO RODRIGO LOTHERMANN | C532: ='DASE DADOS - DISTANCIA'!C532 -> A1 | D532: ='DASE DADOS - DISTANCIA'!E532 -> CAPANEMA | E532: ='DASE DADOS - DISTANCIA'!I532 -> PLUSVAL | F532: 101 | G532: ='DASE DADOS - DISTANCIA'!J532 -> 202 | H532: 420 | I532: =IF(#REF!<17200,DISTÂNCIA3[[#This Row],[KM PARA PAGAMENTO DOS FRETES]]*4.74,((#REF!/17200)*4.74)*DISTÂNCIA3[[#This Row],[KM PARA PAGAMENTO DOS FRETES]]) -> #REF! | J532: =DISTÂNCIA3[[#This Row],[Valor CTE]]/DISTÂNCIA3[[#This Row],[KM PARA PAGAMENTO DOS FRETES]] -> 5.3574752 | K532: =ROUND((F532*4.578)+194.44,2) -> 656.82 | L532: =0.92*DISTÂNCIA3[[#This Row],[KM distancia]]*4.578 -> 425.38776 | M532: =ROUND(((F532*4.578)+194.44)+(0.92*F532*4.578),2) -> 1082.21
A533: ='DASE DADOS - DISTANCIA'!A533 -> 0 | B533: ='DASE DADOS - DISTANCIA'!B533 -> MEIRI PRISCILA RUPPENTHAL | C533: ='DASE DADOS - DISTANCIA'!C533 -> A1 | D533: ='DASE DADOS - DISTANCIA'!E533 -> MARECHAL CANDIDO RONDON | E533: ='DASE DADOS - DISTANCIA'!I533 -> PLUMA | F533: 105 | G533: ='DASE DADOS - DISTANCIA'!J533 -> 210 | H533: 420 | I533: =IF(#REF!<17200,DISTÂNCIA3[[#This Row],[KM PARA PAGAMENTO DOS FRETES]]*4.74,((#REF!/17200)*4.74)*DISTÂNCIA3[[#This Row],[KM PARA PAGAMENTO DOS FRETES]]) -> #REF! | J533: =DISTÂNCIA3[[#This Row],[Valor CTE]]/DISTÂNCIA3[[#This Row],[KM PARA PAGAMENTO DOS FRETES]] -> 5.3207619 | K533: =ROUND((F533*4.578)+194.44,2) -> 675.13 | L533: =0.92*DISTÂNCIA3[[#This Row],[KM distancia]]*4.578 -> 442.2348 | M533: =ROUND(((F533*4.578)+194.44)+(0.92*F533*4.578),2) -> 1117.36
A534: ='DASE DADOS - DISTANCIA'!A534 -> 69620 | B534: ='DASE DADOS - DISTANCIA'!B534 -> MARCIO RODRIGO LOTHERMANN | C534: ='DASE DADOS - DISTANCIA'!C534 -> A2 | D534: ='DASE DADOS - DISTANCIA'!E534 -> CAPANEMA | E534: ='DASE DADOS - DISTANCIA'!I534 -> PLUSVAL | F534: 101 | G534: ='DASE DADOS - DISTANCIA'!J534 -> 202 | H534: 420 | I534: =IF(#REF!<17200,DISTÂNCIA3[[#This Row],[KM PARA PAGAMENTO DOS FRETES]]*4.74,((#REF!/17200)*4.74)*DISTÂNCIA3[[#This Row],[KM PARA PAGAMENTO DOS FRETES]]) -> #REF! | J534: =DISTÂNCIA3[[#This Row],[Valor CTE]]/DISTÂNCIA3[[#This Row],[KM PARA PAGAMENTO DOS FRETES]] -> 5.3574752 | K534: =ROUND((F534*4.578)+194.44,2) -> 656.82 | L534: =0.92*DISTÂNCIA3[[#This Row],[KM distancia]]*4.578 -> 425.38776 | M534: =ROUND(((F534*4.578)+194.44)+(0.92*F534*4.578),2) -> 1082.21
A535: ='DASE DADOS - DISTANCIA'!A535 -> 69620 | B535: ='DASE DADOS - DISTANCIA'!B535 -> MARCIO RODRIGO LOTHERMANN | C535: ='DASE DADOS - DISTANCIA'!C535 -> A3 | D535: ='DASE DADOS - DISTANCIA'!E535 -> CAPANEMA | E535: ='DASE DADOS - DISTANCIA'!I535 -> PLUSVAL | F535: 101 | G535: ='DASE DADOS - DISTANCIA'!J535 -> 202 | H535: 420 | I535: =IF(#REF!<17200,DISTÂNCIA3[[#This Row],[KM PARA PAGAMENTO DOS FRETES]]*4.74,((#REF!/17200)*4.74)*DISTÂNCIA3[[#This Row],[KM PARA PAGAMENTO DOS FRETES]]) -> #REF! | J535: =DISTÂNCIA3[[#This Row],[Valor CTE]]/DISTÂNCIA3[[#This Row],[KM PARA PAGAMENTO DOS FRETES]] -> 5.3574752 | K535: =ROUND((F535*4.578)+194.44,2) -> 656.82 | L535: =0.92*DISTÂNCIA3[[#This Row],[KM distancia]]*4.578 -> 425.38776 | M535: =ROUND(((F535*4.578)+194.44)+(0.92*F535*4.578),2) -> 1082.21
A536: ='DASE DADOS - DISTANCIA'!A536 -> 5726247 | B536: ='DASE DADOS - DISTANCIA'!B536 -> NILTO BARABA JUNIOR | C536: ='DASE DADOS - DISTANCIA'!C536 -> A1 | D536: ='DASE DADOS - DISTANCIA'!E536 -> CASCAVEL | E536: ='DASE DADOS - DISTANCIA'!I536 -> PLUMA | F536: 36 | G536: ='DASE DADOS - DISTANCIA'!J536 -> 72 | H536: 420 | I536: =IF(#REF!<17200,DISTÂNCIA3[[#This Row],[KM PARA PAGAMENTO DOS FRETES]]*4.74,((#REF!/17200)*4.74)*DISTÂNCIA3[[#This Row],[KM PARA PAGAMENTO DOS FRETES]]) -> #REF! | J536: =DISTÂNCIA3[[#This Row],[Valor CTE]]/DISTÂNCIA3[[#This Row],[KM PARA PAGAMENTO DOS FRETES]] -> 7.0954167 | K536: =ROUND((F536*4.578)+194.44,2) -> 359.25 | L536: =0.92*DISTÂNCIA3[[#This Row],[KM distancia]]*4.578 -> 151.62336 | M536: =ROUND(((F536*4.578)+194.44)+(0.92*F536*4.578),2) -> 510.87
... A653: ='DASE DADOS - DISTANCIA'!A653 -> 0 | B653: ='DASE DADOS - DISTANCIA'!B653 -> MARCELI EHLERT EISEN | C653: ='DASE DADOS - DISTANCIA'!C653 -> A4 | D653: ='DASE DADOS - DISTANCIA'!E653 -> NOVA SANTA ROSA | E653: ='DASE DADOS - DISTANCIA'!I653 -> PLUMA | F653: 105.5 | G653: ='DASE DADOS - DISTANCIA'!J653 -> 211 | H653: 420 | I653: =IF(#REF!<17200,DISTÂNCIA3[[#This Row],[KM PARA PAGAMENTO DOS FRETES]]*4.74,((#REF!/17200)*4.74)*DISTÂNCIA3[[#This Row],[KM PARA PAGAMENTO DOS FRETES]]) -> #REF! | J653: =DISTÂNCIA3[[#This Row],[Valor CTE]]/DISTÂNCIA3[[#This Row],[KM PARA PAGAMENTO DOS FRETES]] -> 5.3163981 | K653: =ROUND((F653*4.578)+194.44,2) -> 677.42 | L653: =0.92*DISTÂNCIA3[[#This Row],[KM distancia]]*4.578 -> 444.34068 | M653: =ROUND(((F653*4.578)+194.44)+(0.92*F653*4.578),2) -> 1121.76
A654: ='DASE DADOS - DISTANCIA'!A654 -> 30084 | B654: ='DASE DADOS - DISTANCIA'!B654 -> ROMALDO DE OLIVEIRA | C654: ='DASE DADOS - DISTANCIA'!C654 -> A4 | D654: ='DASE DADOS - DISTANCIA'!E654 -> PLANALTO | E654: ='DASE DADOS - DISTANCIA'!I654 -> PLUSVAL | F654: 124 | G654: 248 | H654: 420 | I654: =IF(#REF!<17200,DISTÂNCIA3[[#This Row],[KM PARA PAGAMENTO DOS FRETES]]*4.74,((#REF!/17200)*4.74)*DISTÂNCIA3[[#This Row],[KM PARA PAGAMENTO DOS FRETES]]) -> #REF! | J654: =DISTÂNCIA3[[#This Row],[Valor CTE]]/DISTÂNCIA3[[#This Row],[KM PARA PAGAMENTO DOS FRETES]] -> 5.1789113 | K654: =ROUND((F654*4.578)+194.44,2) -> 762.11 | L654: =0.92*DISTÂNCIA3[[#This Row],[KM distancia]]*4.578 -> 522.25824 | M654: =ROUND(((F654*4.578)+194.44)+(0.92*F654*4.578),2) -> 1284.37
A655: ='DASE DADOS - DISTANCIA'!A655 -> 6354475 | B655: ='DASE DADOS - DISTANCIA'!B655 -> MATHEUS HENRIQUE BRIXNER | C655: ='DASE DADOS - DISTANCIA'!C655 -> A3 | D655: ='DASE DADOS - DISTANCIA'!E655 -> BRAGANEY | E655: ='DASE DADOS - DISTANCIA'!I655 -> PLUMA | F655: 48 | G655: ='DASE DADOS - DISTANCIA'!J655 -> 96 | H655: 420 | I655: =IF(#REF!<17200,DISTÂNCIA3[[#This Row],[KM PARA PAGAMENTO DOS FRETES]]*4.74,((#REF!/17200)*4.74)*DISTÂNCIA3[[#This Row],[KM PARA PAGAMENTO DOS FRETES]]) -> #REF! | J655: =DISTÂNCIA3[[#This Row],[Valor CTE]]/DISTÂNCIA3[[#This Row],[KM PARA PAGAMENTO DOS FRETES]] -> 6.4203125 | K655: =ROUND((F655*4.578)+194.44,2) -> 414.18 | L655: =0.92*DISTÂNCIA3[[#This Row],[KM distancia]]*4.578 -> 202.16448 | M655: =ROUND(((F655*4.578)+194.44)+(0.92*F655*4.578),2) -> 616.35
...
